"33010756","9716","",14-04-1997,,"SPL-04",.00,"B13","VERO","055-3560585","Bellekom J.I.C.","Asselsestraat","204","B","7312 DA","APELDOORN"
"33010757","9716","9716",14-04-1997,18-04-1997,"SPL-04",.00,"C20","VERO","043-3250035","Tognolli B.","Bourgognestraat","64"," ","6221 BZ","MAASTRICHT"
"33010758","9716","",14-04-1997,,"SPL-04",.00,"B13","VERO","0184-618119","Braaksma A.A.","Sluisweg","106"," ","3371 EX","HARDINXVELD GIESSENDAM"
"33010759","9716","",14-04-1997,,"SPL-04",.00,"B13","VERO","0115-620532","Slock J.K.","Akkerwindelaan","24"," ","4537 CG","TERNEUZEN"
"33010760","9716","",14-04-1997,,"SPL-04",.00,"B13","VERO","0115-620532","Slock J.K.","Akkerwindelaan","24"," ","4537 CG","TERNEUZEN"
"33010761","9716","",14-04-1997,,"SPL-04",.00,"B13","VERO","0115-620532","Slock J.K.","Akkerwindelaan","24"," ","4537 CG","TERNEUZEN"
"33010762","9716","",14-04-1997,,"SPL-04",.00,"B13","VERO","040-2539599","Cloosterman T.","Hoogstraat","45"," ","5502 AT","VELDHOVEN"
"33010763","9716","",14-04-1997,,"SPL-04",.00,"B13","VERO","040-2539599","Cloosterman T.","Hoogstraat","45"," ","5502 AT","VELDHOVEN"
"33010764","9716","",14-04-1997,,"SPL-04",.00,"B13","VERO","077-3071031","Vleeshouwers J.J.","Kapelaan Verheggenstraat","3"," ","5988 KN","HELDEN"
"33010765","9716","",14-04-1997,,"SPL-04",.00,"B13","VERO","040-2019443","Maessen H.","Parallelweg Noord","34"," ","5553 CA","VALKENSWAARD"
"33010766","9716","",14-04-1997,,"SPL-04",.00,"B13","VERO","0495-551886","Strous J.T.M.","Jasmijnstraat","24"," ","6011 RP","ELL"
"33010767","9716","",14-04-1997,,"SPL-04",.00,"B13","VERO","0495-551886","Strous J.T.M.","Jasmijnstraat","24"," ","6011 RP","ELL"
"33010768","9716","",14-04-1997,,"SPL-04",.00,"B13","VERO","0495-551886","Strous J.T.M.","Jasmijnstraat","24"," ","6011 RP","ELL"
"33010769","9716","",14-04-1997,,"SPL-04",.00,"B13","VERO","040-2019443","Maessen H.","Parallelweg Noord","34"," ","5553 CA","VALKENSWAARD"
"33010770","9716","",14-04-1997,,"SPL-04",.00,"B13","VERO","077-3071031","Vleeshouwers J.J.","Kapelaan Verheggenstraat","3"," ","5988 KN","HELDEN"
"33010773","9716","",14-04-1997,,"SPL-04",.00,"B13","VERO","046-4512063","Koeners-Kluyt W.","Julianaplein","4"," ","6131 JT","SITTARD"
"33010774","9716","",14-04-1997,,"SPL-04",.00,"B13","VERO","0485-575213","Jansen J.C.G.","Jan Tooropstraat","4"," ","5831 BX","BOXMEER"
"33010775","9716","",14-04-1997,,"SPL-04",.00,"B13","VERO","077-3828565","Houwen G.E.","Karel van de Woestynestr","7"," ","5922 SW","VENLO"
"33010776","9716","",14-04-1997,,"SPL-04",.00,"B13","VERO","045-5313122","Dirks J.","'t Park","11"," ","6373 AR","LANDGRAAF"
"33010777","9716","",14-04-1997,,"SPL-04",.00,"B13","VERO","0316-332200","Boone J.A.M.","Spinet","11"," ","6904 PD","ZEVENAAR"
"33010778","9716","",14-04-1997,,"SPL-04",.00,"B13","VERO","0317-314342","Vermaten H.L.","Zwanebloemstraat","19"," ","6871 WL","RENKUM"
"33010779","9716","9717",14-04-1997,21-04-1997,"SPL-04",.00,"B14","VERO","0478-514735","Acton D.J.","Kamperfoelie","38"," ","5803 HH","VENRAY"
"33010780","9716","",14-04-1997,,"SPL-04",.00,"B13","VERO","043-3617534","Janssen-Wesselingh E.P.M.M.","Heugemerstraat","213"," ","6229 AP","MAASTRICHT"
"33010781","9716","",14-04-1997,,"SPL-04",.00,"B13","VERO","043-3617534","Janssen-Wesselingh E.P.M.M.","Heugemerstraat","213"," ","6229 AP","MAASTRICHT"
"33010782","9716","",14-04-1997,,"SPL-04",.00,"B13","VERO","043-3617534","Janssen-Wesselingh E.P.M.M.","Heugemerstraat","213"," ","6229 AP","MAASTRICHT"
"33010783","9716","",14-04-1997,,"SPL-04",.00,"B13","VERO","040-2124690","Mevis L.M.N.","1e Wilakkersstraat","42"," ","5614 BH","EINDHOVEN"
"33010784","9716","",14-04-1997,,"SPL-04",.00,"B13","VERO","040-2124690","Mevis L.M.N.","1e Wilakkersstraat","42"," ","5614 BH","EINDHOVEN"
"33010785","9716","",14-04-1997,,"SPL-04",.00,"B13","VERO","040-2124690","Mevis L.M.N.","1e Wilakkersstraat","42"," ","5614 BH","EINDHOVEN"
"33010786","9716","",14-04-1997,,"SPL-04",.00,"B13","VERO","026-3257292","Verhaegh P.J.M.","Binnenveld","20"," ","6851 NE","HUISSEN"
"33010787","9716","",14-04-1997,,"SPL-04",.00,"B13","VERO","026-3257292","Verhaegh P.J.M.","Binnenveld","20"," ","6851 NE","HUISSEN"
"33010788","9716","",14-04-1997,,"SPL-04",.00,"B13","VERO","073-6426703","van Riel A.M.A.","Orthen","202","B","5231 XV","'S-HERTOGENBOSCH"
"33010789","9716","",14-04-1997,,"SPL-04",.00,"B13","VERO","073-6426703","van Riel A.M.A.","Orthen","202","B","5231 XV","'S-HERTOGENBOSCH"
"33010790","9716","",14-04-1997,,"SPL-04",.00,"B13","VERO","0543-519968","de Groot M.J.H.","Joost van den Vondelstr","10"," ","7103 XW","WINTERSWIJK"
"33010791","9716","",14-04-1997,,"SPL-04",.00,"B13","VERO","040-2121342","Pijnenburg L.H.P.M.","Sint Jansweg","30"," ","5614 ES","EINDHOVEN"
"33010792","9716","",14-04-1997,,"SPL-04",.00,"B13","VERO","0513-624326","van Dalen G.A.","Zijlroede","81"," ","8446 MS","HEERENVEEN"
"33010793","9716","",14-04-1997,,"SPL-04",.00,"B13","VERO","043-4593119","Snepvangers F.P.W.","Oud Valkenburg","30"," ","6305 AB","SCHIN OP GEUL"
"33010794","9716","",14-04-1997,,"SPL-04",.00,"B13","VERO","073-6314121","van Esch J.C.A.P.","Togenaarstraat","15"," ","5221 BK","'S-HERTOGENBOSCH"
"33010795","9716","9716",14-04-1997,18-04-1997,"SPL-04",.00,"C20","VERO","077-4742782","Holthuijsen W.J.H.","Dovenetelstraat","20"," ","5953 MP","REUVER"
"33010796","9716","",14-04-1997,,"SPL-04",.00,"B13","VERO","0592-330188","Brink M.","Rozenpad","12"," ","9404 SL","ASSEN"
"33010797","9716","",14-04-1997,,"SPL-04",.00,"B13","VERO","0495-540864","Coenen J.H.M.","Oud Boshoven","5"," ","6002 NW","WEERT"
"33010798","9716","",14-04-1997,,"SPL-04",.00,"B13","VERO","070-5119162","Vermaesen R.G.Q.","Lodesteijnstraat","17"," ","2241 JN","WASSENAAR"
"33010799","9716","",14-04-1997,,"SPL-04",.00,"B13","VERO","043-4072421","Adam J.J.M.E.","Gasthuis","83"," ","6268 NN","BEMELEN"
"33010800","9716","",14-04-1997,,"SPL-04",.00,"B13","VERO","043-4072421","Adam J.J.M.E.","Gasthuis","83"," ","6268 NN","BEMELEN"
"33010801","9716","",14-04-1997,,"SPL-04",.00,"B13","VERO","070-5119162","Vermaesen R.G.Q.","Lodesteijnstraat","17"," ","2241 JN","WASSENAAR"
"33010802","9716","",14-04-1997,,"SPL-04",.00,"B13","VERO","0495-540864","Coenen J.H.M.","Oud Boshoven","5"," ","6002 NW","WEERT"
"33010804","9716","",14-04-1997,,"SPL-04",.00,"B13","VERO","038-4600678","Oosterhof J.","Schermerhornstraat","104"," ","8015 AB","ZWOLLE"
"33010805","9716","9717",14-04-1997,21-04-1997,"SPL-04",.00,"B14","VERO","0548-517460","Waggeveld H.J.","Jacob Reviusstraat","59"," ","7461 ZM","RIJSSEN"
"33010806","9716","9717",14-04-1997,21-04-1997,"SPL-04",.00,"B14","VERO","0548-517460","Waggeveld H.J.","Jacob Reviusstraat","59"," ","7461 ZM","RIJSSEN"
"33010807","9716","9717",14-04-1997,21-04-1997,"SPL-04",.00,"B14","VERO","0548-517460","Waggeveld H.J.","Jacob Reviusstraat","59"," ","7461 ZM","RIJSSEN"
"33010808","9716","",15-04-1997,,"SPL-04",.00,"B13","VERO","0316-265725","Kuipers R.","Neptunus","30"," ","6922 LB","DUIVEN"
"33010809","9716","",15-04-1997,,"SPL-04",.00,"B13","VERO","0316-265725","Kuipers R.","Neptunus","30"," ","6922 LB","DUIVEN"
"33010810","9716","",15-04-1997,,"SPL-04",.00,"B13","VERO","015-2142530","Yzelenberg C.","Staalmeesterstraat","28"," ","2613 MX","DELFT"
"33010811","9716","",15-04-1997,,"SPL-04",.00,"B13","VERO","075-6287819","Stad T.","Venusstraat","33"," ","1562 ZA","KROMMENIE"
"33010812","9716","",15-04-1997,,"SPL-04",.00,"B13","VERO","073-6148957","Kooijmans U.C.T.A.","Van Tuldenstraat","58"," ","5211 TG","'S-HERTOGENBOSCH"
"33010813","9716","",15-04-1997,,"SPL-04",.00,"B13","VERO","026-4455007","de Groot E.L.M.","Steenstraat","16"," ","6828 CK","ARNHEM"
"33010814","9716","",15-04-1997,,"SPL-04",.00,"B13","VERO","026-4455007","de Groot E.M.L.","Steenstraat","16"," ","6828 CK","ARNHEM"
"33010815","9716","",15-04-1997,,"SPL-04",.00,"B13","VERO","026-4455007","de Groot E.L.M.","Steenstraat","16"," ","6828 CK","ARNHEM"
"33010816","9716","",15-04-1997,,"SPL-04",.00,"B13","VERO","0492-382445","Verhoeven J.A.J.P.","Blauwe Schutplein","18"," ","5735 AN","AARLE RIXTEL"
"33010817","9716","",15-04-1997,,"SPL-04",.00,"B13","VERO","0492-382445","Verhoeven J.A.J.P.","Blauwe Schutplein","18"," ","5735 AN","AARLE RIXTEL"
"33010818","9716","",15-04-1997,,"SPL-04",.00,"B13","VERO","0492-382445","Verhoeven J.A.J.P.","Blauwe Schutplein","18"," ","5735 AN","AARLE RIXTEL"
"33010819","9716","",15-04-1997,,"SPL-04",.00,"B13","VERO","0316-265725","Kuipers D.","Neptunus","30"," ","6922 LB","DUIVEN"
"33010820","9716","",15-04-1997,,"SPL-04",.00,"B13","VERO","0316-265725","Kuipers D.","Neptunus","30"," ","6922 LB","DUIVEN"
"33010821","9716","",15-04-1997,,"SPL-04",.00,"B13","VERO","0591-371757","Nyenbanning O.","Oostermaten","8"," ","7854 TT","AALDEN"
"33010822","9716","",15-04-1997,,"SPL-04",.00,"B13","VERO","0591-371757","Nyenbanning O.","Oostermaten","8"," ","7854 TT","AALDEN"
"33010823","9716","",15-04-1997,,"SPL-04",.00,"B13","VERO","043-3253773","Waltje E.H.","Papenweg","27"," ","6212 CC","MAASTRICHT"
"33010824","9716","",15-04-1997,,"SPL-04",.00,"B13","VERO","043-3253773","Waltje E.H.","Papenweg","27"," ","6212 CC","MAASTRICHT"
"33010825","9716","",15-04-1997,,"SPL-04",.00,"B13","VERO","024-3550726","Sweep N.A.","Groenestraat","132"," ","6531 HV","NIJMEGEN"
"33010826","9716","",15-04-1997,,"SPL-04",.00,"B13","VERO","024-3550726","Sweep N.A.","Groenestraat","132"," ","6531 HV","NIJMEGEN"
"33010827","9716","",15-04-1997,,"SPL-04",.00,"B13","VERO","0299-428701","de Groot R.A.","Zonnelaan","9"," ","1443 AE","PURMEREND"
"33010828","9716","",15-04-1997,,"SPL-04",.00,"B13","VERO","043-3630798","Schijns W.A.M.H.","Van Hamalstraat","12"," ","6223 CL","MAASTRICHT"
"33010829","9716","",15-04-1997,,"SPL-04",.00,"B13","VERO","0561-452468","Pietersma A.","De Braambrink","5"," ","8378 JM","PAASLOO"
"33010830","9716","",15-04-1997,,"SPL-04",.00,"B13","VERO","0317-416758","Florack C.M.","Van Doesburglaan","160"," ","6708 MD","WAGENINGEN"
"33010831","9716","",15-04-1997,,"SPL-04",.00,"B13","VERO","024-3787920","Hermsen C.","Hatertseveldweg","240"," ","6532 XW","NIJMEGEN"
"33010832","9716","",15-04-1997,,"SPL-04",.00,"B13","VERO","053-4778243","Zwanenberg M.","Burgemeester M V Veenln","260"," ","7543 AD","ENSCHEDE"
"33010833","9716","",15-04-1997,,"SPL-04",.00,"B13","VERO","026-3117818","de Hommel C.J.","Bergse Maat","99"," ","6932 AL","WESTERVOORT"
"33010834","9716","",15-04-1997,,"SPL-04",.00,"B13","VERO","0313-427936","v. den Berg E.","Burg de Bruinstraat","86"," ","6953 AH","DIEREN"
"33010835","9716","",15-04-1997,,"SPL-04",.00,"B13","VERO","0313-427936","v. den Berg E.","Burg de Bruinstraat","86"," ","6953 AH","DIEREN"
"33010836","9716","",15-04-1997,,"SPL-04",.00,"B13","VERO","055-3011780","Reusken M.","Molenweg","5"," ","7382 BE","KLARENBEEK"
"33010837","9716","",15-04-1997,,"SPL-04",.00,"B13","VERO","073-6148957","Kooijmans U.C.T.A","Van Tuldenstraat","58"," ","5211 TG","'S-HERTOGENBOSCH"
"33010838","9716","",15-04-1997,,"SPL-04",.00,"B13","VERO","073-6148957","Kooijmans U.C.T.A.","Van Tuldenstraat","58"," ","5211 TG","'S-HERTOGENBOSCH"
"33010839","9716","",15-04-1997,,"SPL-04",.00,"B13","VERO","0575-522377","Mooiman C.","Hoefijzer","1"," ","7232 DW","WARNSVELD"
"33010840","9716","",15-04-1997,,"SPL-04",.00,"B13","VERO","0575-522377","Mooiman C.","Hoefijzer","1"," ","7232 DW","WARNSVELD"
"33010841","9716","",15-04-1997,,"SPL-04",.00,"B13","VERO","0575-522377","Mooiman C.","Hoefijzer","1"," ","7232 DW","WARNSVELD"
"33010842","9716","",15-04-1997,,"SPL-04",.00,"B13","VERO","043-3616026","Verschuur W.J.G.","Drenckgaard","96"," ","6227 GE","MAASTRICHT"
"33010843","9716","",15-04-1997,,"SPL-04",.00,"B13","VERO","0599-513062","Woudstra R.T.","Hoofdstraat","113-","115","9514 BC","GASSELTERNIJVEEN"
"33010844","9716","",15-04-1997,,"SPL-04",.00,"B13","VERO","0598-621032","Bartelds RenkenA.","Fam Levitusstraat","11"," ","9649 DC","MUNTENDAM"
"33010845","9716","",15-04-1997,,"SPL-04",.00,"B13","VERO","0316-265725","Kuipers H.W.","Neptunus","30"," ","6922 LB","DUIVEN"
"33010846","9716","",15-04-1997,,"SPL-04",.00,"B13","VERO","0316-265725","Kuipers H.W.","Neptunus","30"," ","6922 LB","DUIVEN"
"33010847","9716","",15-04-1997,,"SPL-04",.00,"B13","VERO","0316-265725","Kuipers H.W.","Neptunus","30"," ","6922 LB","DUIVEN"
"33010848","9716","",15-04-1997,,"SPL-04",.00,"B13","VERO","0529-433442","van Ommen T.","Van Ommenhof","9"," ","7721 XX","DALFSEN"
"33010849","9716","",15-04-1997,,"SPL-04",.00,"B13","VERO","0115-696178","Kaasjager A.","Oesterputten","24"," ","4532 AK","TERNEUZEN"
"33010850","9716","",15-04-1997,,"SPL-04",.00,"B13","VERO","055-5332495","Lindner F.H.","Klokkengietershoeve","8"," ","7326 SB","APELDOORN"
"33010851","9716","",15-04-1997,,"SPL-04",.00,"B13","VERO","0591-514073","Otten E.","Valtherweg","44"," ","7873 AB","ODOORN"
"33010852","9716","",15-04-1997,,"SPL-04",.00,"B13","VERO","0591-514073","Otten E.","Valtherweg","44"," ","7873 AB","ODOORN"
"33010853","9716","",15-04-1997,,"SPL-04",.00,"B13","VERO","0314-681687","Welling A.A.M.","Heislagseweg","5"," ","7031 GB","WEHL"
"33010854","9716","",15-04-1997,,"SPL-04",.00,"B13","VERO","040-2012711","Noukens L.A.A.","Keersopperweg","17"," ","5551 XE","VALKENSWAARD"
"33010855","9716","",15-04-1997,,"SPL-04",.00,"B13","VERO","0113-214501","Nieuwenhuize J.D.","Zaagmolenstraat","46"," ","4461 BM","GOES"
"33010856","9716","",15-04-1997,,"SPL-04",.00,"B13","VERO","0528-391385","Bremmer J.","'t Holweg","11"," ","7924 PX","VEENINGEN"
"33010857","9716","",15-04-1997,,"SPL-04",.00,"B13","VERO","055-5332495","Lindner F.H.","Klokkengietershoeve","8"," ","7326 SB","APELDOORN"
"33010858","9716","",15-04-1997,,"SPL-04",.00,"B13","VERO","073-5516844","Spitters P.","Ambachtsweg","46"," ","5272 RA","SINT MICHIELSGESTEL"
"33010859","9716","",15-04-1997,,"SPL-04",.00,"B13","VERO","0113-372042","Knol-Hoogstrate S.M.","Sportlaan","8"," ","4491 GL","WISSENKERKE"
"33010860","9716","",15-04-1997,,"SPL-04",.00,"B13","VERO","024-3604968","Muskens M.J.J.","Ooysedijk","71"," ","6522 KV","NIJMEGEN"
"33010862","9716","",15-04-1997,,"SPL-04",.00,"B13","VERO","026-3254428","Romijn G.G.","Hofmeesterij","44"," ","6852 ND","HUISSEN"
"33010863","9716","",15-04-1997,,"SPL-04",.00,"B13","VERO","026-3254428","Romijn G.G.","Hofmeesterij","44"," ","6852 ND","HUISSEN"
"33010864","9716","",15-04-1997,,"SPL-04",.00,"B13","VERO","026-3254428","Romijn G.G.","Hofmeesterij","44"," ","6852 ND","HUISSEN"
"33010865","9716","",15-04-1997,,"SPL-04",.00,"B13","VERO","026-3254428","Romijn G.G.","Hofmeesterij","44"," ","6852 ND","HUISSEN"
"33010866","9716","",15-04-1997,,"SPL-04",.00,"B13","VERO","0475-504258","Rulkens C.","Boven Boukoul","8"," ","6071 AC","SWALMEN"
"33010867","9716","",15-04-1997,,"SPL-04",.00,"B13","VERO","0475-504258","Rulkens C.","Boven Boukoul","8"," ","6071 AC","SWALMEN"
"33010868","9716","",15-04-1997,,"SPL-04",.00,"B13","VERO","0475-504258","Rulkens C.","Boven Boukoul","8"," ","6071 AC","SWALMEN"
"33010869","9716","",15-04-1997,,"SPL-04",.00,"B13","VERO","0475-504258","Rulkens C.","Boven Boukoul","8"," ","6071 AC","SWALMEN"
"33010870","9716","",15-04-1997,,"SPL-04",.00,"B13","VERO","024-3240684","Manuhutu R.","Kronenburgersingel","79"," ","6511 AM","NIJMEGEN"
"33010871","9716","",15-04-1997,,"SPL-04",.00,"B13","VERO","024-3240684","Manuhutu R.","Kronenburgersingel","79"," ","6511 AM","NIJMEGEN"
"33010872","9716","",15-04-1997,,"SPL-04",.00,"B13","VERO","024-3240684","Manuhutu R.","Kronenburgersingel","79"," ","6511 AM","NIJMEGEN"
"33010873","9716","",15-04-1997,,"SPL-04",.00,"B13","VERO","024-3240684","Manuhutu R.","Kronenburgersingel","79"," ","6511 AM","NIJMEGEN"
"33010874","9716","",15-04-1997,,"SPL-04",.00,"B13","VERO","0475-532942","Elmpt P.H.","Rothenbacherweg","6"," ","6063 NJ","VLODROP"
"33010875","9716","",15-04-1997,,"SPL-04",.00,"B13","VERO","0475-532942","Elmpt P.H.","Rothenbacherweg","6"," ","6063 NJ","VLODROP"
"33010876","9716","",15-04-1997,,"SPL-04",.00,"B13","VERO","0486-473777","van Marheren T.","Sirtemalaan","7"," ","5361 JX","GRAVE"
"33010877","9716","",15-04-1997,,"SPL-04",.00,"B13","VERO","0486-473777","van Marheren T.","Sirtemalaan","7"," ","5361 JX","GRAVE"
"33010878","9716","",15-04-1997,,"SPL-04",.00,"B13","VERO","0570-651343","van Wijk-de Jong M.","Colmschaterstraatweg","84"," ","7429 AB","COLMSCHATE"
"33010879","9716","",15-04-1997,,"SPL-04",.00,"B13","VERO","0570-651343","van Wijk-de Jong M.","Colmschaterstraatweg","84"," ","7429 AB","COLMSCHATE"
"33010880","9716","",15-04-1997,,"SPL-04",.00,"B13","VERO","0412-633253","Cox J.W.","Van Rappardstraat","36"," ","5344 KB","OSS"
"33010881","9716","",15-04-1997,,"SPL-04",.00,"B13","VERO","0412-633253","Cox J.W.","Van Rappardstraat","36"," ","5344 KB","OSS"
"33010882","9716","",15-04-1997,,"SPL-04",.00,"B13","VERO","013-4557119","van Zon F.J.H.","Schubertstraat","125"," ","5011 CB","TILBURG"
"33010883","9716","",16-04-1997,,"SPL-04",.00,"B13","VERO","0515-469882","Wildschut U.","Hellingpaed","18"," ","8611 JR","GAASTMEER"
"33010884","9716","",16-04-1997,,"SPL-04",.00,"B13","VERO","0572-354695","van Schooten e/o M. van SchootenJ.A.","Westdorplaan","76"," ","8101 BG","RAALTE"
"33010885","9716","",16-04-1997,,"SPL-04",.00,"B13","VERO","0572-354695","van Schooten e/o S. van SchootenJ.A.","Westdorplaan","76"," ","8101 BG","RAALTE"
"33010886","9716","",16-04-1997,,"SPL-04",.00,"B13","VERO","0316-333773","Diesvelt H.F.M.","Meidoornstraat","55"," ","6903 CB","ZEVENAAR"
"33010887","9716","",16-04-1997,,"SPL-04",.00,"B13","VERO","045-5211592","Diesveld J.J.H.","Bernhardstraat","2"," ","6433 HL","HOENSBROEK"
"33010888","9716","",16-04-1997,,"SPL-04",.00,"B13","VERO","0527-697558","der Noorda R.","Griend","8"," ","8303 KM","EMMELOORD"
"33010889","9716","",16-04-1997,,"SPL-04",.00,"B13","VERO","0527-697558","der Noorda R.","Griend","8"," ","8303 KM","EMMELOORD"
"33010890","9716","",16-04-1997,,"SPL-04",.00,"B13","VERO","0527-697558","der Noorda R.","Griend","8"," ","8303 KM","EMMELOORD"
"33010891","9716","",16-04-1997,,"SPL-04",.00,"B13","VERO","040-2539712","Teeuwen M.I.","Turfweg","1"," ","5504 RL","VELDHOVEN"
"33010892","9716","",16-04-1997,,"SPL-04",.00,"B13","VERO","040-2539712","Teeuwen M.I.","Turfweg","1"," ","5504 RL","VELDHOVEN"
"33010893","9716","",16-04-1997,,"SPL-04",.00,"B13","VERO","040-2539712","Teeuwen M.I.","Turfweg","1"," ","5504 RL","VELDHOVEN"
"33010894","9716","",16-04-1997,,"SPL-04",.00,"B13","VERO","0485-362235","Mast K.","Ganzenpoel","11"," ","5441 XW","OEFFELT"
"33010895","9716","",16-04-1997,,"SPL-04",.00,"B13","VERO","0485-362235","Mast K.","Ganzenpoel","11"," ","5441 XW","OEFFELT"
"33010896","9716","",16-04-1997,,"SPL-04",.00,"B13","VERO","0591-372045","Huitema J.","Wachthoorn","36"," ","7854 TN","AALDEN"
"33010897","9716","",16-04-1997,,"SPL-04",.00,"B13","VERO","0591-372045","Huitema J.","Wachthoorn","36"," ","7854 TN","AALDEN"
"33010898","9716","",16-04-1997,,"SPL-04",.00,"B13","VERO","043-4582434","Essers-Peters H.L.M.J.","De Erk","17"," ","6269 BH","MARGRATEN"
"33010899","9716","",16-04-1997,,"SPL-04",.00,"B13","VERO","043-4582434","Essers-Peters H.L.M.J.","De Erk","17"," ","6269 BH","MARGRATEN"
"33010900","9716","",16-04-1997,,"SPL-04",.00,"B13","VERO","0495-497466","Scheepers A.M.A.","Utrechtsestraat","17"," ","6021 EZ","BUDEL"
"33010901","9716","",16-04-1997,,"SPL-04",.00,"B13","VERO","0495-497466","Scheepers A.M.A.","Utrechtsestraat","17"," ","6021 EZ","BUDEL"
"33010902","9716","",16-04-1997,,"SPL-04",.00,"B13","VERO","073-6413324","Jansen F.P.M.","Orthen","19"," ","5231 XN","'S-HERTOGENBOSCH"
"33010903","9716","",16-04-1997,,"SPL-04",.00,"B13","VERO","073-6413324","Jansen F.P.M.","Orthen","19"," ","5231 XN","'S-HERTOGENBOSCH"
"33010904","9716","",16-04-1997,,"SPL-04",.00,"B13","VERO","0572-392366","Schutte W.H.","Brinkweg","78"," ","8141 NB","HEINO"
"33010905","9716","",16-04-1997,,"SPL-04",.00,"B13","VERO","0572-392366","Schutte W.H.","Brinkweg","78"," ","8141 NB","HEINO"
"33010906","9716","",16-04-1997,,"SPL-04",.00,"B13","VERO","0413-291573","Wagenaar C.C.A.M.","Doctor Heijmanstraat","15"," ","5473 DA","HEESWIJK DINTHER"
"33010907","9716","",16-04-1997,,"SPL-04",.00,"B13","VERO","0413-291573","Wagenaar C.C.A.M.","Doctor Heijmanstraat","15"," ","5473 DA","HEESWIJK DINTHER"
"33010908","9716","",16-04-1997,,"SPL-04",.00,"B13","VERO","0544-375127","Bongers J.","Zuivelstraat","13"," ","7131 LG","LICHTENVOORDE"
"33010909","9716","",16-04-1997,,"SPL-04",.00,"B13","VERO","0320-241568","Wessels S.F.","Gondel","2615"," ","8243 CN","LELYSTAD"
"33010910","9716","",16-04-1997,,"SPL-04",.00,"B13","VERO","026-4430884","Macke P.","Pontanuslaan","4"," ","6821 HR","ARNHEM"
"33010911","9716","",16-04-1997,,"SPL-04",.00,"B13","VERO","026-4430884","Macke P.","Pontanuslaan","4"," ","6821 HR","ARNHEM"
"33010912","9716","",16-04-1997,,"SPL-04",.00,"B13","VERO","026-4430884","Macke P.","Pontanuslaan","4"," ","6821 HR","ARNHEM"
"33010913","9716","",16-04-1997,,"SPL-04",.00,"B13","VERO","0320-241568","Wessels S.F.","Gondel","2615"," ","8243 CN","LELYSTAD"
"33010914","9716","",16-04-1997,,"SPL-04",.00,"B13","VERO","0544-375127","Bongers J.","Zuivelstraat","13"," ","7131 LG","LICHTENVOORDE"
"33010915","9716","",16-04-1997,,"SPL-04",.00,"B13","VERO","0411-678698","Wesseling J.A.H.","Vorsenpoel","52"," ","5283 ZK","BOXTEL"
"33010916","9716","",16-04-1997,,"SPL-04",.00,"B13","VERO","053-4315132","Oostenbrink M.","Van Riebeekstraat","62"," ","7535 ZL","ENSCHEDE"
"33010917","9716","",16-04-1997,,"SPL-04",.00,"B13","VERO","0485-362235","Mast K.","Ganzenpoel","11"," ","5441 XW","OEFFELT"
"33010921","9716","",16-04-1997,,"SPL-04",.00,"B13","VERO","0162-425454","Krijnen G.H.C.","Butselaar","38"," ","4907 KM","OOSTERHOUT NB"
"33010922","9716","",16-04-1997,,"SPL-04",.00,"B13","VERO","132509288","Caspers G.M.H.J.","Oirschotseweg","93"," ","5066 CH","MOERGESTEL"
"33010923","9716","",16-04-1997,,"SPL-04",.00,"B13","VERO","0492-545712","Stassen E.J.A.A.","Steurstraat","9"," ","5706 BW","HELMOND"
"33010924","9716","",16-04-1997,,"SPL-04",.00,"B13","VERO","0164-248448","Verbarendse C.H.J.M.","Zuidmolenstraat","49"," ","4611 JM","BERGEN OP ZOOM"
"33010925","9716","",16-04-1997,,"SPL-04",.00,"B13","VERO","0481-462044","Wismans J.H.","Zeishof","15"," ","6681 EP","BEMMEL"
"33010926","9716","",16-04-1997,,"SPL-04",.00,"B13","VERO","0495-551567","Gielen P.J.M.","Kapellestraat","11"," ","6005 SZ","WEERT"
"33010927","9716","",16-04-1997,,"SPL-04",.00,"B13","VERO","0495-551567","Gielen P.J.M.","Kapellestraat","11"," ","6005 SZ","WEERT"
"33010928","9716","",16-04-1997,,"SPL-04",.00,"B13","VERO","0495-551567","Gielen P.J.M.","Kapellestraat","11"," ","6005 SZ","WEERT"
"33010929","9716","",16-04-1997,,"SPL-04",.00,"B13","VERO","0495-551567","Gielen P.J.M.","Kapellestraat","11"," ","6005 SZ","WEERT"
"33010930","9716","",16-04-1997,,"SPL-04",.00,"B13","VERO","0485-521634","Janssen J.","Groenling","44"," ","5831 MX","BOXMEER"
"33010931","9716","",16-04-1997,,"SPL-04",.00,"B13","VERO","0485-521634","Janssen J.","Groenling","44"," ","5831 MX","BOXMEER"
"33010932","9716","",16-04-1997,,"SPL-04",.00,"B13","VERO","0485-521634","Janssen J.","Groenling","44"," ","5831 MX","BOXMEER"
"33010933","9716","",16-04-1997,,"SPL-04",.00,"B13","VERO","024-3221389","Oomens C.J.M.","Daalsedwarsweg","9"," ","6521 EE","NIJMEGEN"
"33010934","9716","",16-04-1997,,"SPL-04",.00,"B13","VERO","024-3221389","Oomens C.J.M.","Daalsedwarsweg","9"," ","6521 EE","NIJMEGEN"
"33010935","9716","",16-04-1997,,"SPL-04",.00,"B13","VERO","0168-484363","van de Steenoven D.A.","Nieuwstraat","57"," ","4926 AW","LAGE ZWALUWE"
"33010936","9716","",16-04-1997,,"SPL-04",.00,"B13","VERO","0168-484363","van de Steenoven D.A.","Nieuwstraat","57"," ","4926 AW","LAGE ZWALUWE"
"33010937","9716","",16-04-1997,,"SPL-04",.00,"B13","VERO","0493-695369","Leenen M.W.H.M.","Helmkruid","4"," ","5721 RD","ASTEN"
"33010938","9716","",16-04-1997,,"SPL-04",.00,"B13","VERO","0164-238308","Palmkoeck A.","Antwerpsestraatweg","401"," ","4625 AB","BERGEN OP ZOOM"
"33010939","9716","",16-04-1997,,"SPL-04",.00,"B13","VERO","0164-238308","Palmkoeck A.","Antwerpsestraatweg","401"," ","4625 AB","BERGEN OP ZOOM"
"33010940","9716","",16-04-1997,,"SPL-04",.00,"B13","VERO","055-5426130","Wijma S.","Gruttersdreef","542"," ","7328 DW","APELDOORN"
"33010941","9716","",16-04-1997,,"SPL-04",.00,"B13","VERO","055-5426130","Wijma S.","Gruttersdreef","542"," ","7328 DW","APELDOORN"
"33010942","9716","",16-04-1997,,"SPL-04",.00,"B13","VERO","0493-496594","Moors J.G.M.","Floreffestraat","26"," ","5711 AD","SOMEREN"
"33010943","9716","",16-04-1997,,"SPL-04",.00,"B13","VERO","0493-496594","Moors J.G.M.","Floreffestraat","26"," ","5711 AD","SOMEREN"
"33010944","9716","",16-04-1997,,"SPL-04",.00,"B13","VERO","0521-342963","Noordhuis J.T.","Leeuwerikweg","40"," ","7971 DT","HAVELTE"
"33010945","9716","",16-04-1997,,"SPL-04",.00,"B13","VERO","045-5223183","Heuts H.H.W.","Hoofdstraat","139"," ","6432 GB","HOENSBROEK"
"33010946","9716","",16-04-1997,,"SPL-04",.00,"B13","VERO","045-5223183","Heuts C.","Hoofdstraat","139"," ","6432 GB","HOENSBROEK"
"33010947","9716","",16-04-1997,,"SPL-04",.00,"B13","VERO","0162-455864","Diederik-Veenstra J.","Verdistraat","3"," ","4904 MC","OOSTERHOUT NB"
"33010948","9716","",16-04-1997,,"SPL-04",.00,"B13","VERO","0497-681410","Gijsbers R.","Driehuis","4"," ","5529 NA","CASTEREN"
"33010949","9716","",16-04-1997,,"SPL-04",.00,"B13","VERO","0495-540802","Camron G.","Serviliusstraat","166"," ","6006 KG","WEERT"
"33010950","9716","",16-04-1997,,"SPL-04",.00,"B13","VERO","040-2015409","Driessen A.J.G.C.","Gagelstraat","14"," ","5552 GM","VALKENSWAARD"
"33010951","9716","",16-04-1997,,"SPL-04",.00,"B13","VERO","040-2015409","Driessen A.J.G.C.","Gagelstraat","14"," ","5552 GM","VALKENSWAARD"
"33010952","9716","",16-04-1997,,"SPL-04",.00,"B13","VERO","040-2015409","Driessen A.J.G.C.","Gagelstraat","14"," ","5552 GM","VALKENSWAARD"
"33010953","9716","",16-04-1997,,"SPL-04",.00,"B13","VERO","040-2015409","Driessen A.J.G.C.","Gagelstraat","14"," ","5552 GM","VALKENSWAARD"
"33010954","9716","",16-04-1997,,"SPL-04",.00,"B13","VERO","040-2015409","Driessen A.J.G.C.","Gagelstraat","14"," ","5552 GM","VALKENSWAARD"
"33010955","9716","",16-04-1997,,"SPL-04",.00,"B13","VERO","0493-695369","Leenen M.W.H.M.","Helmkruid","4"," ","5721 RD","ASTEN"
"33010956","9716","",16-04-1997,,"SPL-04",.00,"B13","VERO","055-5791331","Robbers P.F.","Generaal van Heutszlaan","47"," ","7316 CE","APELDOORN"
"33010957","9716","",16-04-1997,,"SPL-04",.00,"B13","VERO","055-5791331","Robbers P.F.","Generaal van Heutszlaan","47"," ","7316 CE","APELDOORN"
"33010958","9716","",16-04-1997,,"SPL-04",.00,"B13","VERO","046-4493804","Reulings M.G.","Burg Gijzelsstraat","1"," ","6114 HZ","SUSTEREN"
"33010959","9716","",16-04-1997,,"SPL-04",.00,"B13","VERO","046-4493804","Reulings M.G.","Burg Gijzelsstraat","1"," ","6114 HZ","SUSTEREN"
"33010960","9716","",16-04-1997,,"SPL-04",.00,"B13","VERO","0592-314033","Siebelink R.","Bosstraat","34"," ","9401 PT","ASSEN"
"33010961","9716","",16-04-1997,,"SPL-04",.00,"B13","VERO","040-2544119","Ehrlich P.L.","Wal","16"," ","5501 HK","VELDHOVEN"
"33010962","9716","",16-04-1997,,"SPL-04",.00,"B13","VERO","040-2544119","Ehrlich P.L.","Wal","16"," ","5501 HK","VELDHOVEN"
"33010963","9716","",16-04-1997,,"SPL-04",.00,"B13","VERO","040-2544119","Ehrlich P.L.","Wal","16"," ","5501 HK","VELDHOVEN"
"33010964","9716","",16-04-1997,,"SPL-04",.00,"B13","VERO","040-2544119","Ehrlich P.L.","Wal","16"," ","5501 HK","VELDHOVEN"
"33010965","9716","",16-04-1997,,"SPL-04",.00,"B13","VERO","0493-496594","Moors J.H.","Floreffestraat","26"," ","5711 AD","SOMEREN"
"33010966","9716","",16-04-1997,,"SPL-04",.00,"B13","VERO","0511-462136","Boonstra Y.","Hooijengastrjitte","17"," ","9251 RE","BERGUM"
"33010967","9716","",16-04-1997,,"SPL-04",.00,"B13","VERO","0572-354695","van Schooten J.A.","Westdorplaan","76"," ","8101 BG","RAALTE"
"33010970","9716","",16-04-1997,,"SPL-04",.00,"B13","VERO","0251-313405","Oldenburger E.J.","Stationsplein","9"," ","1911 MV","UITGEEST"
"33010971","9716","",16-04-1997,,"SPL-04",.00,"B13","VERO","0251-313405","Oldenburger E.J.","Stationsplein","9"," ","1911 MV","UITGEEST"
"33010972","9716","",16-04-1997,,"SPL-04",.00,"B13","VERO","0251-313405","Oldenburger E.J.","Stationsplein","9"," ","1911 MV","UITGEEST"
"33010973","9716","",16-04-1997,,"SPL-04",.00,"B13","VERO","0251-313405","Oldenburger E.J.","Stationsplein","9"," ","1911 MV","UITGEEST"
"33010974","9716","",16-04-1997,,"SPL-04",.00,"B13","VERO"," ","Hessels R.A.","Geldershoofd","547"," ","1103 BG","AMSTERDAM ZUIDOOST"
"33010975","9716","",16-04-1997,,"SPL-04",.00,"B13","VERO"," ","Hessels R.A.","Geldershoofd","547"," ","1103 BG","AMSTERDAM ZUIDOOST"
"33010976","9716","",16-04-1997,,"SPL-04",.00,"B13","VERO"," ","Hessels J.S.","Eduard van Beinumstraat","35"," ","1311 KG","ALMERE"
"33010977","9716","",16-04-1997,,"SPL-04",.00,"B13","VERO"," ","Hessels J.S.","Eduard van Beinumstraat","35"," ","1311 KG","ALMERE"
"33010978","9716","",16-04-1997,,"SPL-04",.00,"B13","VERO","0164-255996","van de Kar A.P.","Nieuwstraat","10"," ","4611 RS","BERGEN OP ZOOM"
"33010979","9716","",16-04-1997,,"SPL-04",.00,"B13","VERO","0164-255996","van de Kar A.P.","Nieuwstraat","10"," ","4611 RS","BERGEN OP ZOOM"
"33010980","9716","",16-04-1997,,"SPL-04",.00,"B13","VERO","0164-255996","van de Kar A.P.","Nieuwstraat","10"," ","4611 RS","BERGEN OP ZOOM"
"33010984","9716","",17-04-1997,,"SPL-04",.00,"B13","VERO","0523-264598","Bemrose-de Lange H.J.","Vinkenstraat","13"," ","7771 AG","HARDENBERG"
"33010985","9716","",17-04-1997,,"SPL-04",.00,"B13","VERO","0598-618970","Zoutman J.","Middenweg","115"," ","9645 BD","VEENDAM"
"33010986","9716","",17-04-1997,,"SPL-04",.00,"B13","VERO","0523-264598","Bemrose-de Lange e/o Dhr. Ir. S.J. BemroseH.J.","Vinkenstraat","13"," ","7771 AG","HARDENBERG"
"33010987","9716","",17-04-1997,,"SPL-04",.00,"B13","VERO","0481-434199","Orth M.L.F.H.","Handelstraat","15"," ","6566 GB","MILLINGEN AAN DE RIJN"
"33010988","9716","",17-04-1997,,"SPL-04",.00,"B13","VERO","045-5271433","Verhey S.P.N.S.","Rembrandtstraat","46"," ","6445 CX","BRUNSSUM"
"33010989","9716","",17-04-1997,,"SPL-04",.00,"B13","VERO","0517-417578","Miedema G.","Schoenerstraat","18"," ","8862 ZR","HARLINGEN"
"33010990","9716","",17-04-1997,,"SPL-04",.00,"B13","VERO","055-5212988","Timmer-De Greef M.H.","Keplerstraat","5"," ","7316 JZ","APELDOORN"
"33010991","9716","",17-04-1997,,"SPL-04",.00,"B13","VERO","045-5416463","Heusschen M.E.T.H.","Op de Knip","141"," ","6467 GX","KERKRADE"
"33010992","9716","",17-04-1997,,"SPL-04",.00,"B13","VERO","0113-344404","Sandee A.H.","Oude Veiling","29"," ","4421 AX","KAPELLE"
"33010993","9716","",17-04-1997,,"SPL-04",.00,"B13","VERO","0113-344404","Sandee A.H.","Oude Veiling","29"," ","4421 AX","KAPELLE"
"33010994","9716","",17-04-1997,,"SPL-04",.00,"B13","VERO","0113-344404","Sandee A.H.","Oude Veiling","29"," ","4421 AX","KAPELLE"
"33010995","9716","",17-04-1997,,"SPL-04",.00,"B13","VERO","050-5015283","Cazemier W.J.","Torensmalaan","4"," ","9301 CG","RODEN"
"33010996","9716","",17-04-1997,,"SPL-04",.00,"B13","VERO","050-5015283","Cazemier W.J.","Torensmalaan","4"," ","9301 CG","RODEN"
"33010998","9716","",17-04-1997,,"SPL-04",.00,"B13","VERO","0492-382008","Kuijten J.M.","Pastoor Vd Heuvelstr","20"," ","5735 GE","AARLE RIXTEL"
"33010999","9716","",17-04-1997,,"SPL-04",.00,"B13","VERO","0499-477639","Knottnerus M.J.H.","Oderlaan","31"," ","5691 MD","SON"
"33011000","9716","",17-04-1997,,"SPL-04",.00,"B13","VERO","024-3447410","Becks-Hoogboom G.W.M.","Zwanenveld","5227"," ","6538 VK","NIJMEGEN"
"33011001","9716","",17-04-1997,,"SPL-04",.00,"B13","VERO","0114-310080","van der Voort P.M.J.","Mozartstraat","12"," ","4561 VA","HULST"
"33011002","9716","",17-04-1997,,"SPL-04",.00,"B13","VERO","0493-495576","Derks J.C.H.M.","Fellenbeemd","77"," ","5712 JK","SOMEREN"
"33011003","9716","",17-04-1997,,"SPL-04",.00,"B13","VERO","0113-301872","Huissoon L.M.","Wilhelminastraat","28"," ","4484 AH","KORTGENE"
"33011004","9716","",17-04-1997,,"SPL-04",.00,"B13","VERO","0594-503445","de Jong K.","Admiraal Helfrichstraat","63"," ","9801 GJ","ZUIDHORN"
"33011005","9716","",17-04-1997,,"SPL-04",.00,"B13","VERO","077-3985257","Lamain J.M.G.","Patronaat","40"," ","5961 TC","HORST"
"33011006","9716","",17-04-1997,,"SPL-04",.00,"B13","VERO","026-3645911","Iding A.E.","Jacques Perkstraat","14"," ","6824 PN","ARNHEM"
"33011007","9716","",17-04-1997,,"SPL-04",.00,"B13","VERO","0165-386259","Goossens M.J.A.M.","Spechtendonk","26"," ","4711 LM","SINT WILLEBRORD"
"33011008","9716","",17-04-1997,,"SPL-04",.00,"B13","VERO","0165-386259","Goossens M.J.A.M.","Spechtendonk","26"," ","4711 LM","SINT WILLEBRORD"
"33011009","9716","",17-04-1997,,"SPL-04",.00,"B13","VERO","0165-386259","Goossens M.J.A.M.","Spechtendonk","26"," ","4711 LM","SINT WILLEBRORD"
"33011010","9716","",17-04-1997,,"SPL-04",.00,"B13","VERO","0165-386259","Goossens M.J.A.M.","Spechtendonk","26"," ","4711 LM","SINT WILLEBRORD"
"33011011","9716","",17-04-1997,,"SPL-04",.00,"B13","VERO","0164-256303","van Dijck E.C.L.","Havenstraat","9"," ","4611 GN","BERGEN OP ZOOM"
"33011012","9716","",17-04-1997,,"SPL-04",.00,"B13","VERO","0164-256303","van Dijck E.C.L.","Havenstraat","9"," ","4611 GN","BERGEN OP ZOOM"
"33011013","9716","",17-04-1997,,"SPL-04",.00,"B13","VERO","076-5713595","Berende C.","Hoeveneind","61"," ","4847 NE","TETERINGEN"
"33011014","9716","",17-04-1997,,"SPL-04",.00,"B13","VERO","040-2446608","Weerdestein B.E.A.M.","Doctor Berlagelaan","40"," ","5622 HD","EINDHOVEN"
"33011015","9716","",17-04-1997,,"SPL-04",.00,"B13","VERO","0318-414137","van der Zwaag D.","Margrietlaan","23"," ","6721 EK","BENNEKOM"
"33011016","9716","",17-04-1997,,"SPL-04",.00,"B13","VERO","0318-414137","van der Zwaag D.","Margrietlaan","23"," ","6721 EK","BENNEKOM"
"33011017","9716","",17-04-1997,,"SPL-04",.00,"B13","VERO","0318-414137","van der Zwaag D.","Margrietlaan","23"," ","6721 EK","BENNEKOM"
"33011018","9716","",17-04-1997,,"SPL-04",.00,"B13","VERO","045-5259956","Gaiga R.E.","Bijvoet","4"," ","6444 VN","BRUNSSUM"
"33011019","9716","",17-04-1997,,"SPL-04",.00,"B13","VERO","0475-573554","Caris M.L.C.M.","Dorpstraat","69"," ","6097 AM","HEEL"
"33011020","9716","",17-04-1997,,"SPL-04",.00,"B13","VERO","0497-382511","Schenning H.P.M.","Schaapskuil","12"," ","5531 DL","BLADEL"
"33011021","9716","",17-04-1997,,"SPL-04",.00,"B13","VERO","0497-382511","Schenning H.P.M.","Schaapskuil","12"," ","5531 DL","BLADEL"
"33011022","9716","",17-04-1997,,"SPL-04",.00,"B13","VERO","0117-401608","den Hollander R.R.","Frans Halsstraat","10"," ","4507 CE","SCHOONDIJKE"
"33011023","9716","",17-04-1997,,"SPL-04",.00,"B13","VERO","024-3605256","Dijk H.","Berg en Dalseweg","73","E","6522 BB","NIJMEGEN"
"33011024","9716","",17-04-1997,,"SPL-04",.00,"B13","VERO","076-5713595","Berende C.","Hoeveneind","61"," ","4847 NE","TETERINGEN"
"33011025","9716","",17-04-1997,,"SPL-04",.00,"B13","VERO","040-2446608","Weerdestein B.E.A.M.","Doctor Berlagelaan","40"," ","5622 HD","EINDHOVEN"
"33011026","9716","",17-04-1997,,"SPL-04",.00,"B13","VERO","0511-461935","Sipsma D.H.","Schoolstraat","59"," ","9251 EB","BERGUM"
"33011027","9716","",17-04-1997,,"SPL-04",.00,"B13","VERO","024-6452128","van As A.M.T.","Koeweg","15"," ","6602 CW","WIJCHEN"
"33011028","9716","",17-04-1997,,"SPL-04",.00,"B13","VERO","0522-461613","Lok F.H.T.","Prins Bernhardstraat","34"," ","8331 EJ","STEENWIJK"
"33011029","9716","",17-04-1997,,"SPL-04",.00,"B13","VERO","0548-654556","Roossien E.","Trompweg","16"," ","7441 HR","NIJVERDAL"
"33011030","9716","",17-04-1997,,"SPL-04",.00,"B13","VERO","0599-512634","Pomp J.T.","Schreierswijk","6"," ","9514 AG","GASSELTERNIJVEEN"
"33011031","9716","",17-04-1997,,"SPL-04",.00,"B13","VERO","0599-512634","Pomp J.T.","Schreierswijk","6"," ","9514 AG","GASSELTERNIJVEEN"
"33011032","9716","",17-04-1997,,"SPL-04",.00,"B13","VERO","0599-512634","Pomp J.T.","Schreierswijk","6"," ","9514 AG","GASSELTERNIJVEEN"
"33011033","9716","",17-04-1997,,"SPL-04",.00,"B13","VERO","0599-512634","Pomp J.T.","Schreierswijk","6"," ","9514 AG","GASSELTERNIJVEEN"
"33011034","9716","",17-04-1997,,"SPL-04",.00,"B13","VERO","013-5358029","Koopmans-Mutsaers L.L.M.","Korvelseweg","121"," ","5025 JB","TILBURG"
"33011035","9716","",17-04-1997,,"SPL-04",.00,"B13","VERO","013-5358029","Koopmans-Mutsaers L.L.M.","Korvelseweg","121"," ","5025 JB","TILBURG"
"33011036","9716","",17-04-1997,,"SPL-04",.00,"B13","VERO","013-5358029","Koopmans-Mutsaers L.L.M.","Korvelseweg","121"," ","5025 JB","TILBURG"
"33011037","9716","",17-04-1997,,"SPL-04",.00,"B13","VERO","013-5358029","Koopmans-Mutsaers L.L.M.","Korvelseweg","121"," ","5025 JB","TILBURG"
"33011038","9716","",17-04-1997,,"SPL-04",.00,"B13","VERO","026-3646350","de Waard P.A.","Steenhoek","11"," ","6891 CG","ROZENDAAL"
"33011039","9716","",17-04-1997,,"SPL-04",.00,"B13","VERO","026-3646350","de Waard P.A.","Steenhoek","11"," ","6891 CG","ROZENDAAL"
"33011040","9716","",17-04-1997,,"SPL-04",.00,"B13","VERO","038-4660860","van Dijk D.A.","Jellissenkamp","8"," ","8014 EW","ZWOLLE"
"33011041","9716","",17-04-1997,,"SPL-04",.00,"B13","VERO","038-4660860","van Dijk D.A.","Jellissenkamp","8"," ","8014 EW","ZWOLLE"
"33011045","9716","",18-04-1997,,"SPL-04",.00,"B13","VERO","0575-524804","Benninga J.M.","Weerdslag","77"," ","7206 BV","ZUTPHEN"
"33011046","9716","",18-04-1997,,"SPL-04",.00,"B13","VERO","076-5878087","Mesa M.","Diksmuidestraat","69"," ","4826 BD","BREDA"
"33011047","9716","",18-04-1997,,"SPL-04",.00,"B13","VERO","0591-630488","Pietersma P.","Torenvalk","69"," ","7827 HN","EMMEN"
"33011048","9716","",18-04-1997,,"SPL-04",.00,"B13","VERO","013-5347836","Smetsers L.J.","Margrietstraat","22"," ","5051 NG","GOIRLE"
"33011049","9716","",18-04-1997,,"SPL-04",.00,"B13","VERO","013-5347836","Smetsers L.J.","Margrietstraat","22"," ","5051 NG","GOIRLE"
"33011050","9716","",18-04-1997,,"SPL-04",.00,"B13","VERO","038-4654791","de Ruiter e/o S. van OortmerssenP.J.W.","Turnerstraat","16"," ","8017 ED","ZWOLLE"
"33011051","9716","",18-04-1997,,"SPL-04",.00,"B13","VERO","038-4654791","de Ruiter e/o S. van OortmerssenP.J.W.","Turnerstraat","16"," ","8017 ED","ZWOLLE"
"33011052","9716","",18-04-1997,,"SPL-04",.00,"B13","VERO","0522-240912","Brouwers J.J.C.","Prinsenplein","28","-III","7941 KW","MEPPEL"
"33011053","9716","",18-04-1997,,"SPL-04",.00,"B13","VERO","0522-240912","Brouwers J.J.C.","Prinsenplein","28","-III","7941 KW","MEPPEL"
"33011054","9716","",18-04-1997,,"SPL-04",.00,"B13","VERO","013-4557591","Mommers P.W.J.","De Schans","11"," ","5011 EM","TILBURG"
"33011055","9716","",18-04-1997,,"SPL-04",.00,"B13","VERO","013-4557591","Mommers P.W.J.","De Schans","11"," ","5011 EM","TILBURG"
"33011056","9716","",18-04-1997,,"SPL-04",.00,"B13","VERO","0475-541754","Schreurs H.H.","Scholtisweg","5"," ","6065 CV","MONTFORT"
"33011057","9716","",18-04-1997,,"SPL-04",.00,"B13","VERO","0413-212057","van Hoof N.P.J.","De Wasaa","9"," ","5469 BV","ERP"
"33011058","9716","",18-04-1997,,"SPL-04",.00,"B13","VERO","0317-312902","Maassen L.J.","Molenweg","14"," ","6871 CW","RENKUM"
"33011059","9716","",18-04-1997,,"SPL-04",.00,"B13","VERO","0317-312902","Maassen L.J.","Molenweg","14"," ","6871 CW","RENKUM"
"33011060","9716","",18-04-1997,,"SPL-04",.00,"B13","VERO","0317-425798","Goud J.C.","Groen van Prinstererstr","43"," ","6702 CN","WAGENINGEN"
"33011061","9716","",18-04-1997,,"SPL-04",.00,"B13","VERO","0475-541754","Schreurs H.H.","Scholtisweg","5"," ","6065 CV","MONTFORT"
"33011062","9716","",18-04-1997,,"SPL-04",.00,"B13","VERO","0517-579796","Hiemstra S.","Burenlaan","32"," ","8749 GA","PINGJUM"
"33011063","9716","",18-04-1997,,"SPL-04",.00,"B13","VERO","077-4773951","Schouenberg M.H.","Snijderstraat","9"," ","5991 MJ","BAARLO LB"
"33011065","9716","",18-04-1997,,"SPL-04",.00,"B13","VERO","0118-478669","van Luijk L.","Blikkenburg","107"," ","4385 HJ","VLISSINGEN"
"33011066","9716","",18-04-1997,,"SPL-04",.00,"B13","VERO","040-2416163","van Schijndel J.W.T.H.","Aquamarijn","4"," ","5629 HC","EINDHOVEN"
"33011067","9716","",18-04-1997,,"SPL-04",.00,"B13","VERO","0164-239872","Talboom J.J.A.M.","Halsterseweg","264"," ","4613 BD","BERGEN OP ZOOM"
"33011068","9716","",18-04-1997,,"SPL-04",.00,"B13","VERO","0162-512070","v.d. Pluym G.A.","Baksweer","50"," ","4941 LC","RAAMSDONKSVEER"
"33011069","9716","",18-04-1997,,"SPL-04",.00,"B13","VERO","0513-464273","Talens e/o F. TalensF.","Sjoelstrjitte","32"," ","8401 TA","GORREDIJK"
"33011070","9716","",18-04-1997,,"SPL-04",.00,"B13","VERO","0118-469891","Boucherie M.J.","Talmalaan","18"," ","4384 KG","VLISSINGEN"
"33011071","9716","",18-04-1997,,"SPL-04",.00,"B13","VERO","043-3630294","Dorff P.J.","Beukenhoven","39"," ","6225 GR","MAASTRICHT"
"33011072","9716","",18-04-1997,,"SPL-04",.00,"B13","VERO","074-2915456","Volder N.H.J.","Castorweg","243"," ","7557 KL","HENGELO OV"
"33011073","9716","",18-04-1997,,"SPL-04",.00,"B13","VERO","0475-504857","Ramachandra A.M.","Houterveld","16"," ","6071 GW","SWALMEN"
"33011076","9716","",18-04-1997,,"SPL-04",.00,"B13","VERO","045-5256929","Palmen R.J.T.H.","Wieenweg","26"," ","6445 CE","BRUNSSUM"
"33011077","9716","",18-04-1997,,"SPL-04",.00,"B13","VERO","045-5256929","Palmen R.J.T.H.","Wieenweg","26"," ","6445 CE","BRUNSSUM"
"33011078","9716","",18-04-1997,,"SPL-04",.00,"B13","VERO","045-5256929","Palmen R.J.T.H.","Wieenweg","26"," ","6445 CE","BRUNSSUM"
"33011079","9716","",18-04-1997,,"SPL-04",.00,"B13","VERO","045-5256929","Palmen R.J.T.H.","Wieenweg","26"," ","6445 CE","BRUNSSUM"
"33011080","9716","",18-04-1997,,"SPL-04",.00,"B13","VERO","0317-312207","Millecam B.","Overhoff","5"," ","6871 CZ","RENKUM"
"33011081","9716","",18-04-1997,,"SPL-04",.00,"B13","VERO","0317-312207","Millecam B.","Overhoff","5"," ","6871 CZ","RENKUM"
"33011082","9716","",18-04-1997,,"SPL-04",.00,"B13","VERO","0317-312207","Millecam B.","Overhoff","5"," ","6871 CZ","RENKUM"
"33011083","9716","",18-04-1997,,"SPL-04",.00,"B13","VERO","0317-312207","Millecam B.","Overhoff","5"," ","6871 CZ","RENKUM"
"33011084","9716","",18-04-1997,,"SPL-04",.00,"B13","VERO","0115-564537","Vermeire W.C.","Kanaalkade","104"," ","4571 CM","AXEL"
"33011085","9716","",18-04-1997,,"SPL-04",.00,"B13","VERO","0115-564537","Vermeire W.C.","Kanaalkade","104"," ","4571 CM","AXEL"
"33011086","9716","",18-04-1997,,"SPL-04",.00,"B13","VERO","0115-564537","Vermeire W.C.","Kanaalkade","104"," ","4571 CM","AXEL"
"33011087","9716","",18-04-1997,,"SPL-04",.00,"B13","VERO","040-2816099","Slegers M.T.","Tongelresestraat","340"," ","5642 NG","EINDHOVEN"
"33011088","9716","",18-04-1997,,"SPL-04",.00,"B13","VERO","040-2816099","Slegers M.T.","Tongelresestraat","340"," ","5642 NG","EINDHOVEN"
"33011089","9716","",18-04-1997,,"SPL-04",.00,"B13","VERO","0316-330866","van der Wijk A.J.W.","Sellersmaat","57"," ","6903 XK","ZEVENAAR"
"33011090","9716","",18-04-1997,,"SPL-04",.00,"B13","VERO","0547-381800","Baan H.E.","Kloosterhoeksweg","15"," ","7642 LZ","WIERDEN"
"33011091","9716","",18-04-1997,,"SPL-04",.00,"B13","VERO","0413-212057","van Hoof N.P.J.","De Wasaa","9"," ","5469 BV","ERP"
"33011092","9716","",18-04-1997,,"SPL-04",.00,"B13","VERO","0523-683516","Soer G.J.","Anerweg-Noord","26"," ","7775 AS","LUTTEN"
"33011093","9716","",18-04-1997,,"SPL-04",.00,"B13","VERO","0523-683516","Soer G.J.","Anerweg-Noord","26"," ","7775 AS","LUTTEN"
"33011094","9716","",18-04-1997,,"SPL-04",.00,"B13","VERO","046-4742181","van Kempen C.H.M.","Hofstraat","27","A","6161 AP","GELEEN"
"33011095","9716","",18-04-1997,,"SPL-04",.00,"B13","VERO","046-4742181","van Kempen C.H.M.","Hofstraat","27","A","6161 AP","GELEEN"
"33011096","9716","",18-04-1997,,"SPL-04",.00,"B13","VERO","040-2044293","Willems-Donkers P.M.A.","Urbanusdal","12"," ","5551 CW","VALKENSWAARD"
"33011097","9716","",18-04-1997,,"SPL-04",.00,"B13","VERO","040-2044293","Willems-Donkers P.M.A.","Urbanusdal","12"," ","5551 CW","VALKENSWAARD"
"33011098","9716","",18-04-1997,,"SPL-04",.00,"B13","VERO","024-6414422","Smink L.J.","Boskant","106"," ","6603 LC","WIJCHEN"
"33011099","9716","",18-04-1997,,"SPL-04",.00,"B13","VERO","024-6414422","Smink L.J.","Boskant","106"," ","6603 LC","WIJCHEN"
"33011100","9716","",18-04-1997,,"SPL-04",.00,"B13","VERO","0316-330043","Folman D.J.","De Olmen","56"," ","6903 BP","ZEVENAAR"
"33011101","9716","",18-04-1997,,"SPL-04",.00,"B13","VERO","0316-330043","Folman D.J.","De Olmen","56"," ","6903 BP","ZEVENAAR"
"33011102","9716","",18-04-1997,,"SPL-04",.00,"B13","VERO","076-5418681","van Buiteren A.","Heienlangdonk","148"," ","4824 EG","BREDA"
"33011103","9716","",18-04-1997,,"SPL-04",.00,"B13","VERO","076-5418681","van Buiteren A.","Heienlangdonk","148"," ","4824 EG","BREDA"
"33011104","9716","",18-04-1997,,"SPL-04",.00,"B13","VERO","0317-425798","Goud J.C.","Groen van Prinstererstr","43"," ","6702 CN","WAGENINGEN"
"33011106","9716","",18-04-1997,,"SPL-04",.00,"B13","VERO","0481-481810","Visser O.K.","Valburgsestraat","27"," ","6677 PC","SLIJK EWIJK"
"33011109","9716","",18-04-1997,,"SPL-04",.00,"B13","VERO","038-4537783","Posthuma A.","Punterdiep","106"," ","8032 TX","ZWOLLE"
