33007156;9705;;31-01-97;;SPL-04;49,90;B13;VERO;0172-441209;Hes P.S.;Markentenster;54;;2401 JH;ALPHEN AAN DEN RIJN
33007158;9705;;31-01-97;;SPL-04;49,90;B13;VERO;0464-580130;Boekwijt F.J.G.;Paardestraat;3;;6131 HA;SITTARD
33007159;9705;;31-01-97;;SPL-04;49,90;B13;VERO;050-5259060;Borst A.H.;Davidstraat;93;;9725 BZ;GRONINGEN
33007161;9705;;31-01-97;;SPL-04;49,90;B13;VERO;0164-252376;Groenewal G.J.;Middelgaard;12;;4623 VT;BERGEN OP ZOOM
33007162;9705;;31-01-97;;SPL-04;49,90;B13;VERO;0528-221446;Meijering J.R.R.;Linthorst Homanstraat;28;;7902 NH;HOOGEVEEN
33007163;9705;;31-01-97;;SPL-04;49,90;B13;VERO;0528-221446;Meijering J.R.R.;Linthorst Homanstraat;28;;7902 NH;HOOGEVEEN
33007166;9705;;31-01-97;;SPL-04;49,90;B13;VERO;0316-340045;de Rijk F.M.;Zonegge;1303;;6903 GE;ZEVENAAR
33007167;9705;;31-01-97;;SPL-04;99,80;B13;VERO;0316-340045;de Rijk F.M.;Zonegge;1303;;6903 GE;ZEVENAAR
33007168;9705;;31-01-97;;SPL-04;99,80;B13;VERO;0316-340045;de Rijk F.M.;Zonegge;1303;;6903 GE;ZEVENAAR
33007174;9705;;31-01-97;;SPL-04;99,80;B13;VERO;045-5276041;Daemen A.P.J.;Kievit;10;;6451 LB;SCHINVELD
33007175;9705;;31-01-97;;SPL-04;99,80;B13;VERO;040-2450251;van der Linden M.C.;Fretstraat;9;;5622 AR;EINDHOVEN
33007176;9705;;31-01-97;;SPL-04;99,80;B13;VERO;0317-418456;Hoekman D.H.;Menno ter Braakstraat;1;;6708 RA;WAGENINGEN
33007177;9705;;31-01-97;;SPL-04;99,80;B13;VERO;035-6017323;Rijkers M.W.;Van Hamelstraat;70;;3762 JE;SOEST
33007178;9705;;31-01-97;;SPL-04;99,80;B13;VERO;040-2530184;Dolstra G.A.;Schouwberg;21;;5508 JA;VELDHOVEN
33007181;9705;;31-01-97;;SPL-04;99,80;B13;VERO;045-5425157;de Groot A.R.;Kennedyplantsoen;5;;6372 TH;LANDGRAAF
33007182;9705;;31-01-97;;SPL-04;99,80;B13;VERO;026-3253283;Schotman A.H.M.;Eg;5;;6852 NK;HUISSEN
33007183;9705;;31-01-97;;SPL-04;99,80;B13;VERO;026-3253283;Schotman A.H.M.;Eg;5;;6852 NK;HUISSEN
33007184;9705;;31-01-97;;SPL-04;99,80;B13;VERO;026-3253283;Schotman A.H.M.;Eg;5;;6852 NK;HUISSEN
33007185;9705;;31-01-97;;SPL-04;99,80;B13;VERO;026-3253283;Schotman A.H.M.;Eg;5;;6852 NK;HUISSEN
33007186;9705;;31-01-97;;SPL-04;99,80;B13;VERO;0485-520295;Abeln O.F.;Elderom;31601;;5831 TV;BOXMEER
33007187;9705;;31-01-97;;SPL-04;99,80;B13;VERO;0485-520295;Abeln O.F.;Elderom;31601;;5831 TV;BOXMEER
33007188;9705;;31-01-97;;SPL-04;99,80;B13;VERO;0485-520295;Abeln O.F.;Elderom;31601;;5831 TV;BOXMEER
33007191;9705;;31-01-97;;SPL-04;99,80;B13;VERO;0599-417286;Hoving B.;Van Dongenlaan;16;;9581 LL;MUSSELKANAAL
33007192;9705;;31-01-97;;SPL-04;99,80;B13;VERO;036-5379847;van Leeuwaarde M.J.;Bunuellaan;25;;1325 PM;ALMERE
33007193;9705;;31-01-97;;SPL-04;99,80;B13;VERO;0527-610860;van der Sluis W.;Saturnusstraat;193;;8303 CE;EMMELOORD
33007194;9705;;31-01-97;;SPL-04;149,70;B13;VERO;0527-610860;van der Sluis W.;Saturnusstraat;193;;8303 CE;EMMELOORD
33007195;9705;;31-01-97;;SPL-04;149,70;B13;VERO;036-5379847;van Leeuwaarde M.J.;Bunuellaan;25;;1325 PM;ALMERE
33007197;9705;;31-01-97;;SPL-04;149,70;B13;VERO;0488-411550;Bitter J.;Wilgenlaan;25;;6669 BT;DODEWAARD
33007198;9705;;31-01-97;;SPL-04;149,70;B13;VERO;0413-255290;van Zaane jr. W.;Knokerdweg;7;;5406 NR;UDEN
33007199;9705;;31-01-97;;SPL-04;149,70;B13;VERO;055-3661968;Thijs D.;Laurierstraat;26;;7322 RD;APELDOORN
33007201;9705;;31-01-97;;SPL-04;149,70;B13;VERO;0561-612130;Kuipers W.;Stadhouderslaan;45;;8471 TM;WOLVEGA
33007202;9705;;31-01-97;;SPL-04;149,70;B13;VERO;079-3610860;Sweerts C.;Tweede Stationstraat;245;;2718 AB;ZOETERMEER
33007211;9705;;31-01-97;;SPL-04;249,50;B13;VERO;0599-417286;Hoving B.;Van Dongenlaan;16;;9581 LL;MUSSELKANAAL
33007214;9705;;31-01-97;;SPL-04;49,69;B13;VERO;0316-264234;Koolhof D.;Vleugelstraat;23;;6922 JM;DUIVEN
33007215;9705;;31-01-97;;SPL-04;49,69;B13;VERO;0527-698337;Westerhof L.A.M.;Mercuriusstraat;3;;8303 BG;EMMELOORD
33007216;9705;;31-01-97;;SPL-04;49,69;B13;VERO;013-5358951;v. Heesch e/o W.J.J.M. v.Heesc;Jan van Riebeeckstraat;40;;5021 SV;TILBURG
33007217;9705;;31-01-97;;SPL-04;49,69;B13;VERO;0518-481794;Voolstra A.E.;Haerdawei;4;;8854 AB;OOSTERBIERUM
33007218;9705;;31-01-97;;SPL-04;49,69;B13;VERO;0524-561807;Manuel L.;Tieberije;11;;7783 CW;GRAMSBERGEN
33007219;9705;;31-01-97;;SPL-04;49,69;B13;VERO;0598-452354;Teeuwen T.L.;Vondelsingel;26;;9636 BW;ZUIDBROEK
33007220;9705;;31-01-97;;SPL-04;49,69;B13;VERO;0598-452354;Teeuwen T.L.;Vondelsingel;26;;9636 BW;ZUIDBROEK
33007221;9705;;31-01-97;;SPL-04;49,69;B13;VERO;0598-452354;Teeuwen T.L.;Vondelsingel;26;;9636 BW;ZUIDBROEK
33007222;9705;;31-01-97;;SPL-04;49,69;B13;VERO;0135-181827;Frijters e/o W.C.M. FrijtersJ.;Bernhardstraat;22;;5133 TZ;RIEL
33007223;9705;;31-01-97;;SPL-04;49,69;B13;VERO;0135-181827;Frijters e/o W.C.M. FrijtersJ.;Bernhardstraat;22;;5133 TZ;RIEL
33007224;9705;;31-01-97;;SPL-04;49,69;B13;VERO;0318-630360;Veenema M.A.;Solleveld;8;;6715 GX;EDE GLD
33007225;9705;;31-01-97;;SPL-04;49,69;B13;VERO;0318-630360;Veenema M.A.;Solleveld;8;;6715 GX;EDE
33007229;9705;;31-01-97;;SPL-04;99,38;B13;VERO;0575-553012;Wenneker J.W.;De Stroet;9;;7251 CP;VORDEN
33007230;9705;;31-01-97;;SPL-04;99,38;B13;VERO;0481-481986;KLees G.M.;Stationsweg;18;;6683 DB;RESSEN
33007231;9705;;31-01-97;;SPL-04;99,38;B13;VERO;0313-427520;Radstake G.J.;Koningin Julianalaan;4;;6951 AM;DIEREN
33007232;9705;;31-01-97;;SPL-04;99,38;B13;VERO;0513-464574;van der Veen e/o D.B. Terpstra;Doalhof;65;;8401 XP;GORREDIJK
33007233;9705;;31-01-97;;SPL-04;99,38;B13;VERO;074-2663013;Spaak M.W.;Anjelier;32;;7621 AM;BORNE
33007234;9705;;31-01-97;;SPL-04;99,38;B13;VERO;0318-625747;Hakstege A.J.;Trumandreef;79;;6716 DJ;EDE GLD
33007235;9705;;31-01-97;;SPL-04;99,38;B13;VERO;0478-581454;van Sante R.F.;Boterbloem;58;;5803 CM;VENRAY
33007236;9705;;31-01-97;;SPL-04;99,38;B13;VERO;0114-315072;Pleunis J.A.M.;Jos Everaardstraat;1;;4564 CL;SINT JANSTEEN
33007237;9705;;31-01-97;;SPL-04;99,38;B13;VERO;0114-315072;Pleunis J.A.M.;Jos Everaardstraat;1;;4564 CL;SINT JANSTEEN
33007238;9705;;31-01-97;;SPL-04;99,38;B13;VERO;0114-315072;Pleunis J.A.M.;Jos Everaardstraat;1;;4564 CL;SINT JANSTEEN
33007239;9705;;31-01-97;;SPL-04;99,38;B13;VERO;0522-240492;Jansen G.J.W.;Biezenveld;90;;7943 MD;MEPPEL
33007240;9705;;31-01-97;;SPL-04;99,38;B13;VERO;0522-240492;Jansen G.J.W.;Biezenveld;90;;7943 MD;MEPPEL
33007241;9705;;31-01-97;;SPL-04;99,38;B13;VERO;040-2411687;Bernardus M.M.;Winterjanstraat;31;;5632 MJ;EINDHOVEN
33007242;9705;;31-01-97;;SPL-04;99,38;B13;VERO;040-2411687;Bernardus M.M.;Winterjanstraat;31;;5632 MJ;EINDHOVEN
33007245;9705;;31-01-97;;SPL-04;99,38;B13;VERO;0316-531236;Wijskamp R.H.J.;Pastoor van Angerenstraat;9;;7037 AH;BEEK
33007248;9705;;31-01-97;;SPL-04;149,06;B13;VERO;058-2132906;Rauwerda R.;Spanjaarslaan;111;;8917 AP;LEEUWARDEN
33007249;9705;;31-01-97;;SPL-04;149,06;B13;VERO;0180-427688;Schoots T.A.;Forel;112;;2986 RA;RIDDERKERK
33007250;9705;;31-01-97;;SPL-04;149,06;B13;VERO;0416-379078;Peperkamp Th.J.;Hugo de Grootstraat;55;;5151 EG;DRUNEN
33007251;9705;;31-01-97;;SPL-04;149,06;B13;VERO;0318-625477;Burg E.;Pienemanstraat;25;;6717 WC;EDE
33007252;9705;;31-01-97;;SPL-04;149,06;B13;VERO;024-6777753;Giesen E.C.M.;Trajanussingel;14;;6642 BP;BEUNINGEN
33007253;9705;;31-01-97;;SPL-04;149,06;B13;VERO;0512-342469;Haarsma M.;Smidswei;37;;9222 NB;DRACHTSTERCOMPAGNIE
33007254;9705;;31-01-97;;SPL-04;149,06;B13;VERO;0512-371922;van der Velde J.;De Hoarnen;4;;9218 XC;OPEINDE
33007257;9705;;31-01-97;;SPL-04;149,06;B13;VERO;0523-613207;Leloux e/o J.A. LelouxA.W.J.;Noord Stegeren;28;;7701 RT;DEDEMSVAART
33007258;9705;;31-01-97;;SPL-04;149,06;B13;VERO;0523-613207;Leloux e/o J.A. LelouxA.W.J.;Noord Stegeren;28;;7701 RT;DEDEMSVAART
33007259;9705;;31-01-97;;SPL-04;198,75;B13;VERO;020-6637417;Bezerra Pinto e/o M.E. Dos San;Postbus;94886;;1090 GW;AMSTERDAM
33007260;9705;;31-01-97;;SPL-04;248,44;B13;VERO;073-6430643;Von Hebel M.;Pisastraat;37;;5237 EK;DEN BOSCH
33007261;9705;;31-01-97;;SPL-04;248,44;B13;VERO;030-6038213;Pol E.;Buitenstede;37;;3431 XC;NIEUWEGEIN
33007262;9705;;31-01-97;;SPL-04;248,44;B13;VERO;0548-365144;Paalman M.;Erve Joost;9;;7451 VP;HOLTEN
33007263;9705;;31-01-97;;SPL-04;248,44;B13;VERO;0316-531236;Wijskamp R.H.W.;Pastoor van Angerenstraat;9;;7037 AH;BEEK
33007264;9705;;31-01-97;;SPL-04;248,44;B13;VERO;0113-342124;Bakker C.;Meekrapstraat;14;;4421 DM;KAPELLE
33007265;9705;;31-01-97;;SPL-04;248,44;B13;VERO;0113-342124;Bakker C.;Meekrapstraat;14;;4421 DM;KAPELLE
33007277;9705;;31-01-97;;SPL-04;49,87;B13;VERO;020-6440036;Blokland W.C.H.;Victorieplein;19;-III;1079 KL;AMSTERDAM
33007279;9705;;31-01-97;;SPL-04;49,87;B13;VERO;0598-626298;van der Houven G.;Brouwersweg;69;;9646 AL;VEENDAM
33007280;9705;;31-01-97;;SPL-04;49,87;B13;VERO;026-4459594;van Maanen-Hogerhorst e/o H.A.;Catharijnstraat;46;;6822 CD;ARNHEM
33007281;9705;;31-01-97;;SPL-04;49,87;B13;VERO;0528-342967;Ham J.;Westerlaan;13;;7936 TV;TIENDEVEEN
33007282;9705;;31-01-97;;SPL-04;49,87;B13;VERO;0527-684022;Visser J.;Gammels;54;;8321 SC;URK
33007283;9705;;31-01-97;;SPL-04;49,87;B13;VERO;0517-452704;Miedema R.;Achlumerweg;1;;8805 TN;HITZUM
33007284;9705;;31-01-97;;SPL-04;49,87;B13;VERO;0570-542669;Broekhuis H.J.;Bisschopsland;4;;7437 XE;BATHMEN
33007288;9705;;31-01-97;;SPL-04;49,87;B13;VERO;050-3061264;Rinsema F.K.;De Omloop;7;;9774 PX;ADORP
33007289;9705;;31-01-97;;SPL-04;49,87;B13;VERO;050-3061264;Rinsema F.K.;De Omloop;7;;9774 PX;ADORP
33007290;9705;;31-01-97;;SPL-04;49,87;B13;VERO;0321-380701;Klein M.F.;De Sallandse Roe;7;;8252 JW;DRONTEN
33007291;9705;;31-01-97;;SPL-04;49,87;B13;VERO;0321-380701;Klein M.F.;De Sallandse Roe;7;;8252 JW;DRONTEN
33007292;9705;;31-01-97;;SPL-04;49,87;B13;VERO;0315-386410;Venhorst G.T.;De Bryde;16;;7077 AX;NETTERDEN
33007294;9705;;31-01-97;;SPL-04;49,87;B13;VERO;073-6140583;Nelis M.R.;Aastraat;8;;5211 NV;'S-HERTOGENBOSCH
33007295;9705;;31-01-97;;SPL-04;49,87;B13;VERO;073-6140583;Nelis M.R.;Aastraat;8;;5211 NV;'S-HERTOGENBOSCH
33007296;9705;;31-01-97;;SPL-04;49,87;B13;VERO;0514-565949;Bosma P.;Castor;33;;8531 NA;LEMMER
33007297;9705;;31-01-97;;SPL-04;99,75;B13;VERO;0514-565949;Bosma P.;Castor;33;;8531 NA;LEMMER
33007298;9705;;31-01-97;;SPL-04;49,87;B13;VERO;0315-386410;Venhorst G.T.;De Bryde;16;;7077 AX;NETTERDEN
33007299;9705;;31-01-97;;SPL-04;99,75;B13;VERO;0529-484413;Koek J.A.;Rinkslag;5;;7711 MX;NIEUWLEUSEN
33007300;9705;;31-01-97;;SPL-04;99,75;B13;VERO;0591-302338;v.d. Wijk J.;Meineszstraat;70;;7887 AR;ERICA
33007302;9705;;31-01-97;;SPL-04;99,75;B13;VERO;058-2153166;Sinnema A.S.;Wouwermanstraat;1;;8932 ED;LEEUWARDEN
33007305;9705;;31-01-97;;SPL-04;99,75;B13;VERO;058-2882626;Postma P.;Speenkruid;27;;8935 JS;LEEUWARDEN
33007306;9705;;31-01-97;;SPL-04;99,75;B13;VERO;0341-262388;van der Weij H.J.;Wethouder van Olstweg;30;;8071 HH;NUNSPEET
33007307;9705;;31-01-97;;SPL-04;99,75;B13;VERO;0315-684088;Schepers e/o H.A. Schepers-Tom;Parkstraat;39;;7071 VX;ULFT
33007308;9705;;31-01-97;;SPL-04;99,75;B13;VERO;0475-562238;Straetemans F.L.A.;Kessenicherweg;7;;6017 AA;THORN
33007309;9705;;31-01-97;;SPL-04;99,75;B13;VERO;026-4458916;Hakkenberg van Gaasbeek C.A.;Tooropstraat;31;;6813 KS;ARNHEM
33007310;9705;;31-01-97;;SPL-04;99,75;B13;VERO;020-6223911;Ismail R.;Valkenburgerstraat;102;-I;1011 LZ;AMSTERDAM
33007311;9705;;31-01-97;;SPL-04;99,75;B13;VERO;023-5271019;Visser J.T.M.;Obistraat;35;;2022 CE;HAARLEM
33007312;9705;;31-01-97;;SPL-04;99,75;B13;VERO;043-3624417;Landstra J.D.A.;Olmenhoven;9;;6225 GD;MAASTRICHT
33007313;9705;;31-01-97;;SPL-04;99,75;B13;VERO;043-3624417;Landstra J.D.A.;Olmenhoven;9;;6225 GD;MAASTRICHT
33007314;9705;;31-01-97;;SPL-04;99,75;B13;VERO;043-3624417;Landstra J.D.A.;Olmenhoven;9;;6225 GD;MAASTRICHT
33007315;9705;;31-01-97;;SPL-04;99,75;B13;VERO;043-3624417;Landstra J.D.A.;Olmenhoven;9;;6225 GD;MAASTRICHT
33007316;9705;;31-01-97;;SPL-04;99,75;B13;VERO;043-3624417;Landstra J.D.A.;Olmenhoven;9;;6225 GD;MAASTRICHT
33007320;9705;;31-01-97;;SPL-04;99,75;B13;VERO;0595-402148;Knol J.;Asingastraat;3;;9971 CA;ULRUM
33007321;9705;;31-01-97;;SPL-04;99,75;B13;VERO;0595-402148;Knol J.;Ansingastraat;3;;9971 CA;ULRUM
33007322;9705;;31-01-97;;SPL-04;99,75;B13;VERO;076-5933414;Vermeulen J.J.;Biezelaar;31;;4844 RC;TERHEIJDEN
33007323;9705;;31-01-97;;SPL-04;99,75;B13;VERO;076-5933414;Vermeulen J.J.;Biezelaar;31;;4844 RC;TERHEIJDEN
33007324;9705;;31-01-97;;SPL-04;99,75;B13;VERO;038-4443415;Homan J.;Burg. Bijleveldsingel;16;;8052 AN;HATTEM
33007325;9705;;31-01-97;;SPL-04;99,75;B13;VERO;038-4443415;Homan J.;Burg. Bijleveldsingel;16;;8052 AN;HATTEM
33007326;9705;;31-01-97;;SPL-04;99,75;B13;VERO;020-6848418;Kempe A.C.;Bestevaerstraat;269;-I;1055 TP;AMSTERDAM
33007327;9705;;31-01-97;;SPL-04;99,75;B13;VERO;020-6848418;Kempe A.C.;Bestevaerstraat;269;-I;1055 TP;AMSTERDAM
33007330;9705;;31-01-97;;SPL-04;99,75;B13;VERO;0541-517432;Hakenberg R.J.H.;Oude Ootmarsumsestraat;1;;7577 PG;OLDENZAAL
33007331;9705;;31-01-97;;SPL-04;99,75;B13;VERO;0162-687875;Verweijmeren A.L.;Heidehof;54;;5921 GC;MADE
33007332;9705;;31-01-97;;SPL-04;149,62;B13;VERO;0162-687875;Verweijmeren A.L.;Heidehof;54;;4921 GC;MADE
33007333;9705;;31-01-97;;SPL-04;149,62;B13;VERO;0541-517432;Hakenberg R.J.H.;Oude Ootmarsumsestraat;1;;7577 PG;OLDENZAAL
33007335;9705;;31-01-97;;SPL-04;149,62;B13;VERO;0499-575010;van den Heuvel-Megens E.A.M.;Baljuw;12;;5688 VL;OIRSCHOT
33007336;9705;;31-01-97;;SPL-04;149,62;B13;VERO;0499-575010;van den Heuvel M.;Baljuw;12;;5688 VL;OIRSCHOT
33007337;9705;;31-01-97;;SPL-04;149,62;B13;VERO;0316-543958;Thielking A.H.;Tengbergenstraat;32;;6916 BP;TOLKAMER
33007338;9705;;31-01-97;;SPL-04;149,62;B13;VERO;015-2612780;van der Kramer M.;Soedanhof;23;;2622 CJ;DELFT
33007339;9705;;31-01-97;;SPL-04;149,62;B13;VERO;0529-497686;Bredewold R.;'t Weegel;23;;8055 PZ;LAAG ZUTHEM
33007340;9705;;31-01-97;;SPL-04;149,62;B13;VERO;045-5317281;Kobilsek J.;Bosheide;5;;6373 CJ;LANDGRAAF
33007342;9705;;31-01-97;;SPL-04;149,62;B13;VERO;0546-643239;Bouwhuis J.;Wulpenweg;1;;7687 AD;DAARLERVEEN
33007343;9705;;31-01-97;;SPL-04;149,62;B13;VERO;0315-384042;Welling M.H.J.;Mars;19;;7071 TR;ULFT
33007344;9705;;31-01-97;;SPL-04;149,62;B13;VERO;0527-619827;Martis R.G.;Marsstraat;15;;8303 AL;EMMELOORD
33007345;9705;;31-01-97;;SPL-04;149,62;B13;VERO;0527-619827;Martis R.G.;Marsstraat;15;;8303 AL;EMMELOORD
33007348;9705;;31-01-97;;SPL-04;199,49;B13;VERO;0544-463727;Leyzer A.E.J.;Hartebroekseweg;7;-a;7141 VC;GROENLO
33007349;9705;;31-01-97;;SPL-04;199,49;B13;VERO;0517-231558;van Steinvoren J.;Eise Eisingastraat;3;;9035 BP;DRONRIJP
33007350;9705;;31-01-97;;SPL-04;199,49;B13;VERO;0517-231558;van Steinvoren J.;Eise Eisingastraat;3;;9035 BP;DRONRIJP
33007351;9705;;31-01-97;;SPL-04;199,49;B13;VERO;0528-262722;van Gelderen H.T.;De Holtmaden;23;;7909 CK;HOOGEVEEN
33007352;9705;;31-01-97;;SPL-04;199,49;B13;VERO;0528-262722;van Gelderen H.T.;De Holtmaden;23;;7909 CK;HOOGEVEEN
33007353;9705;;31-01-97;;SPL-04;199,49;B13;VERO;0114-315209;van Waes e/o R.J.B. van WaesP.;Zusterstraat;11;;4564 HC;SINT JANSTEEN
33007354;9705;;31-01-97;;SPL-04;249,37;B13;VERO;0114-315209;van Waes e/o R.J.B. van WaesP.;Zusterstraat;11;;4564 HC;SINT JANSTEEN
33007355;9705;;31-01-97;;SPL-04;249,37;B13;VERO;026-4953725;Smit e/o W. Smit-HamC.;Willem Barentszstraat;41;;6991 BB;RHEDEN
33007360;9705;;31-01-97;;SPL-04;249,37;B13;VERO;075-6174589;Koenen W.M.G.;Zwartemeer;3;;1509 JT;ZAANDAM
33007361;9705;;31-01-97;;SPL-04;249,37;B13;VERO;0528-263495;Blokzijl D.;Parelgras;2;;7908 RE;HOOGEVEEN
33007362;9705;;31-01-97;;SPL-04;249,37;B13;VERO;0528-263495;Blokzijl D.;Parelgras;2;;7908 RE;HOOGEVEEN
33007363;9705;;31-01-97;;SPL-04;249,37;B13;VERO;0528-263495;Blokzijl D.;Parelgras;2;;7908 RE;HOOGEVEEN
33007364;9705;;31-01-97;;SPL-04;249,37;B13;VERO;0528-263495;Blokzijl D.;Parelgras;2;;7908 RE;HOOGEVEEN
33007365;9705;;31-01-97;;SPL-04;249,37;B13;VERO;043-3631326;Sour-Kers N.L.M.;Ambijerstraat-Noord;138;;6225 EH;MAASTRICHT
33007366;9705;;31-01-97;;SPL-04;249,37;B13;VERO;043-3631326;Sour-Kers N.L.M.;Ambijerstraat-Noord;138;;6225 EH;MAASTRICHT
33007372;9705;;31-01-97;;SPL-04;49,54;B13;VERO;0316-543893;de Ridder H.J.;Dahliastraat;4;;6915 SV;LOBITH
33007373;9705;;31-01-97;;SPL-04;49,54;B13;VERO;0316-543893;Spaan J.C.;Dahliastraat;4;;6915 SV;LOBITH
33007374;9705;;31-01-97;;SPL-04;49,54;B13;VERO;0316-529278;van Uum A.Th.J.;Vincent van Goghstraat;17;;6901 DK;ZEVENAAR
33007375;9705;;31-01-97;;SPL-04;49,54;B13;VERO;026-4425740;Bosveld D.R.;Thomas A. Kempislaan;86;;6822 LS;ARNHEM
33007376;9705;;31-01-97;;SPL-04;49,54;B13;VERO;045-5457850;Wetzelaer J.A.J.M.;Pricksteenweg;2;c;6462 BL;KERKRADE
33007377;9705;;31-01-97;;SPL-04;49,54;B13;VERO;0515-424565;Faber L.;Gossepalen;50;;8604 EM;SNEEK
33007378;9705;;31-01-97;;SPL-04;49,54;B13;VERO;071-5413442;Yazici B.;Hoefsmid;20;;2353 XD;LEIDERDORP
33007379;9705;;31-01-97;;SPL-04;49,54;B13;VERO;071-5413442;Yazici B.;Hoefsmid;20;;2353 XD;LEIDERDORP
33007380;9705;;31-01-97;;SPL-04;49,54;B13;VERO;053-5726221;Leferink M.L.;Bachstraat;8;;7482 TP;HAAKSBERGEN
33007381;9705;;31-01-97;;SPL-04;49,54;B13;VERO;053-5726221;Leferink M.L.;Bachstraat;8;;7482 TP;HAAKSBERGEN
33007382;9705;;31-01-97;;SPL-04;49,54;B13;VERO;0320-248193;Blokker J.C.;Rozengaard;11;-60;8212 DB;LELYSTAD
33007383;9705;;31-01-97;;SPL-04;49,54;B13;VERO;0481-377013;Jansen S.;van Limburg Stirumstraat;14;;6661 ZM;ELST
33007384;9705;;31-01-97;;SPL-04;99,08;B13;VERO;0481-377013;Jansen S.;van Limburg Stirumstraat;14;;6661 ZM;ELST
33007385;9705;;31-01-97;;SPL-04;99,08;B13;VERO;0320-248193;Blokker J.C.;Rozengaard;11;-60;8212 DB;LELYSTAD
33007387;9705;;31-01-97;;SPL-04;99,08;B13;VERO;0416-340003;van Reeven J.;J. van Goyenstraat;30;;5143 JM;WAALWIJK
33007391;9705;;31-01-97;;SPL-04;99,08;B13;VERO;0317-315701;J�gers-Teunise M.A.G.;Hagenkampseweg;102;;6871 JS;RENKUM
33007392;9705;;31-01-97;;SPL-04;99,08;B13;VERO;058-2161303;Melein R.R.;Westersingel;64;ab;8913 CL;LEEUWARDEN
33007393;9705;;31-01-97;;SPL-04;99,08;B13;VERO;0543-471753;Waalder A.C.G.B.;Kreeft;10;;7122 TA;AALTEN
33007394;9705;;31-01-97;;SPL-04;99,08;B13;VERO;038-3325721;Pruim e/o A. Pruim-VaanderingC;Zenegroen;15;;8265 CG;KAMPEN
33007395;9705;;31-01-97;;SPL-04;99,08;B13;VERO;038-3325721;Pruim e/o A. Pruim-VaanderingC;Zenegroen;15;;8265 CG;KAMPEN
33007399;9705;;31-01-97;;SPL-04;148,63;B13;VERO;0529-453921;Dunnewind F.;Reigerstraat;142;;7731 ZV;OMMEN
33007400;9705;;31-01-97;;SPL-04;148,63;B13;VERO;043-6040252;Meuffels H.J.G.;Rijksweg;103;;6325 AC;BERG EN TERBLIJT
33007401;9705;;31-01-97;;SPL-04;148,63;B13;VERO;074-2434551;Fugers A.J.;Woltersweg;34;;7552 DD;HENGELO
33007402;9705;;31-01-97;;SPL-04;148,63;B13;VERO;0497-515373;van Glabbeek H.C.M.;Riethovenseweg;33;a;5524 BA;STEENSEL
33007403;9705;;31-01-97;;SPL-04;148,63;B13;VERO;0544-373858;Klein Gebbinck H.G.W.;van Raesfeltstraat;36;;7131 GD;LICHTENVOORDE
33007404;9705;;31-01-97;;SPL-04;148,63;B13;VERO;0161-226905;van Arendonk P.A.M.;Liesbeth Tilanusplein;23;;5122 BH;RIJEN
33007405;9705;;31-01-97;;SPL-04;148,63;B13;VERO;045-5708984;v. Houten e/o T.J.F.M. v. Hout;Merwedestraat;22;;6413 VV;HEERLEN
33007406;9705;;31-01-97;;SPL-04;148,63;B13;VERO;0575-552004;Mullink J.G.;Mispelkampdijk;52;;7251 DC;VORDEN
33007407;9705;;31-01-97;;SPL-04;148,63;B13;VERO;024-6771313;Knoop P.;Postkantoorstraat;11;;6551 BH;WEURT
33007408;9705;;31-01-97;;SPL-04;148,63;B13;VERO;024-6771313;Knoop P.;Postkantoorstraat;11;;6551 BH;WEURT
33007409;9705;;31-01-97;;SPL-04;148,63;B13;VERO;0167-523687;Vriens A.A.;Philips Willemstraat;3;;4671 EX;DINTELOORD
33007410;9705;;31-01-97;;SPL-04;198,17;B13;VERO;0321-315467;Soldaat W.K.;de Connemara;9;;8252 HJ;DRONTEN
33007411;9705;;31-01-97;;SPL-04;247,71;B13;VERO;0167-523687;Vriens A.A.;Philips Willemstraat;3;;4671 EX;DINTELOORD
33007412;9705;;31-01-97;;SPL-04;198,17;B13;VERO;0544-372833;van Gessel R.B.;Frans Halsstraat;38;;7131 VX;LICHTENVOORDE
33007413;9705;;31-01-97;;SPL-04;198,17;B13;VERO;055-5224740;Mathijsen M.C.A.;Korenstraat;74;;7311 LZ;APELDOORN
33007414;9705;;31-01-97;;SPL-04;247,71;B13;VERO;0546-572249;Jannink e/o J.M. Jannink-Kamph;1e Esweg;71;;7642 BJ;WIERDEN
33007415;9705;;31-01-97;;SPL-04;247,71;B13;VERO;024-6419221;Belgers P.J.M.;de Ververt;12;-02;6605 AG;WIJCHEN
33007416;9705;;31-01-97;;SPL-04;247,71;B13;VERO;0524-532957;Sibon-Talen e/o J.H. SibonJ.R.;Spanjaardspad;4;;7761 BP;SCHOONEBEEK
33007417;9705;;31-01-97;;SPL-04;247,71;B13;VERO;0320-221885;Kooiman C.J.;Karveel;22;-05;8231 BE;LELYSTAD
33007418;9705;;31-01-97;;SPL-04;247,71;B13;VERO;0320-221885;Kooiman C.J.;Karveel;22;-05;8231 BE;LELYSTAD
33007420;9705;;4-02-97;;SPL-04;49,12;B13;VERO;0598-626159;Nieland F.;Minervastraat;84;;9645 CT;VEENDAM
33007421;9705;;4-02-97;;SPL-04;49,12;B13;VERO;0117-491019;van der Meule e/o van der Meul;Weststraat;3;;4527 BR;AARDENBURG
33007422;9705;;4-02-97;;SPL-04;49,12;B13;VERO;0117-491019;van der Meule e/o van der Meul;Weststraat;3;;4527 BR;AARDENBURG
33007425;9705;;4-02-97;;SPL-04;49,12;B13;VERO;0180-433750;van Driel J.;Burg. de Zeeuwstraat;262;;2981 AH;RIDDERKERK
33007426;9705;;4-02-97;;SPL-04;49,12;B13;VERO;0180-433750;van Driel J.;Burg. de Zeeuwstraat;262;;2981 AH;RIDDERKERK
33007430;9705;;4-02-97;;SPL-04;49,12;B13;VERO;055-5431906;Minkjan H.;2e Johannastraat;47;;7331 CG;APELDOORN
33007431;9705;;4-02-97;;SPL-04;49,12;B13;VERO;0318-637617;Groeneveld A.;Sadatsingel;83;;6716 GB;EDE (GLD)
33007432;9705;;4-02-97;;SPL-04;49,12;B13;VERO;0546-577579;Ten Bolscher H.J.C.;Houtwal;29;;7641 KJ;WIERDEN
33007433;9705;;4-02-97;;SPL-04;49,12;B13;VERO;0546-576452;Arents Th.;Hooiland;12;;7641 HT;WIERDEN
33007434;9705;;4-02-97;;SPL-04;49,12;B13;VERO;058-2150951;Bakker W.;Dr. Wumkeswei;5;;8915 DJ;LEEUWARDEN
33007435;9705;;4-02-97;;SPL-04;49,12;B13;VERO;0545-474508;te Brake e/o A.T.W.F.te Brake-;Koolwijde;7;;7152 KH;EIBERGEN
33007436;9705;;4-02-97;;SPL-04;98,24;B13;VERO;043-4552268;Habets van Kooten E.;Heerenhofweg;1;;6281 AR;MECHELEN
33007437;9705;;4-02-97;;SPL-04;98,24;B13;VERO;0575-519693;te Boekhorst E.C.;Marspoortstraat;25;;7201 JA;ZUTPHEN
33007442;9705;;4-02-97;;SPL-04;49,12;B13;VERO;0512-532468;Muller A.S.;De Petten;46;;9202 VR;DRACHTEN
33007443;9705;;4-02-97;;SPL-04;98,24;B13;VERO;0512-532468;Muller A.S.;De Petten;46;;9202 VR;DRACHTEN
33007444;9705;;4-02-97;;SPL-04;98,24;B13;VERO;050-5033586;Schambach E.;Kortlandsweg;1;;9321 GA;PEIZE
33007445;9705;;4-02-97;;SPL-04;98,24;B13;VERO;0546-575777;Peterman G.B.M.;Maldegemstraat;14;;7641 DV;WIERDEN
33007446;9705;;4-02-97;;SPL-04;98,24;B13;VERO;0186-654073;Verschoor D.;Burgemeester de Zeeuwstraat;87;;3281 AE;NUMANSDORP
33007447;9705;;4-02-97;;SPL-04;98,24;B13;VERO;0516-451744;de Jong A.;Willinge Prinsstraat;21;;8421 PE;OLDEBERKOOP
33007448;9705;;4-02-97;;SPL-04;98,24;B13;VERO;045-5722774;Jansen-Fuyt V.J.;Reggestraat;1;;6413 WE;HEERLEN
33007449;9705;;4-02-97;;SPL-04;98,24;B13;VERO;040-2858929;Janssen-Beli�n A.H.M.;Schutsboom;19;;5663 AA;GELDROP
33007450;9705;;4-02-97;;SPL-04;98,24;B13;VERO;024-3226556;Kaspers P.M.H.;Van Nispenstraat;59;;6521 KK;NIJMEGEN
33007451;9705;;4-02-97;;SPL-04;98,24;B13;VERO;058-2674367;Hansma W.D.J.;Wibrandastate;21;;8926 MA;LEEUWARDEN
33007452;9705;;4-02-97;;SPL-04;98,24;B13;VERO;045-5270584;Donkervoort M.W.J.;Acaciastraat;62;;6444 CH;BRUNSSUM
33007453;9705;;4-02-97;;SPL-04;98,24;B13;VERO;0518-462350;Veenstra G.;De Opslach;16;;9041 GA;BERLIKUM
33007454;9705;;4-02-97;;SPL-04;98,24;B13;VERO;0320-251144;Boerhoop G.D.;Botter;27;-31;8232 KM;LELYSTAD
33007455;9705;;4-02-97;;SPL-04;98,24;B13;VERO;0591-634012;Stevens J.;Brandgans;46;;7827 SH;EMMEN
33007456;9705;;4-02-97;;SPL-04;98,24;B13;VERO;0521-361773;Groels J.M.;De Elzen;24;;8355 CX;GIETHOORN
33007457;9705;;4-02-97;;SPL-04;98,24;B13;VERO;0521-361773;Groels-Voogt P.B.N.M.;De Elzen;24;;8355 CX;GIETHOORN
33007458;9705;;4-02-97;;SPL-04;152,27;B13;VERO;0521-361773;Groels-Voogt P.B.N.M.;De Elzen;24;;8355 CX;GIETHOORN
33007459;9705;;4-02-97;;SPL-04;152,27;B13;VERO;0521-361773;Groels J.M.;De Elzen;24;;8355 CX;GIETHOORN
33007460;9705;;4-02-97;;SPL-04;152,27;B13;VERO;026-3818753;ten Broeke J.H.M.G.;Limburgsingel;153;;6845 DZ;ARNHEM
33007461;9705;;4-02-97;;SPL-04;152,27;B13;VERO;0518-451430;Nachtnebel W.J.;Sint Lambertusstrjitte;6;;9036 PB;MENALDUM
33007462;9705;;4-02-97;;SPL-04;152,27;B13;VERO;0594-519408;Nieboer T.Z.;Geert Valckeshof;32;;9351 RX;LEEK
33007465;9705;;4-02-97;;SPL-04;201,38;B13;VERO;0598-626159;Nieland F.;Minervastraat;84;;9645 CT;VEENDAM
33007466;9705;;4-02-97;;SPL-04;201,38;B13;VERO;045-5441675;Loo-Bertels W.C.M.;Merovingenstraat;7;;6369 CD;SIMPELVELD
33007467;9705;;4-02-97;;SPL-04;201,38;B13;VERO;045-5441675;Loo-Bertels W.C.M.;Merovingenstraat;7;;6369 CD;SIMPELVELD
33007469;9705;;4-02-97;;SPL-04;250,50;B13;VERO;0418-634540;Wijgergangs J.A.A.;Brouwersstraat;49;;5331 VC;KERKDRIEL
33007470;9705;;4-02-97;;SPL-04;250,50;B13;VERO;0418-634540;Wijgergangs J.A.A.;Brouwersstraat;49;;5331 VC;KERKDRIEL
33007471;9705;;4-02-97;;SPL-04;250,50;B13;VERO;0495-537019;Verhoeven G.J.O.;Roermondseweg;113;;6004 AR;WEERT
